"","Study_ID","Location_ID","Study_Specific_Location_ID","Field_Collection_Type","Field_Collector","Field_Collection_Start_Date","Field_Collection_Start_Time","Field_Collection_End_Date","Field_Collection_End_Time","Field_Collection_Comment","Field_Collection_Area","Field_Collection_Area_Units","Field_Collection_Reference_Point","Field_Collection_Upper_Depth","Field_Collection_Lower_Depth","Field_Collection_Depth_Units","Well_Water_Level_Measuring_Point_or_TOC_ID","Sample_ID","Sample_Field_Replicate_ID","Sample_Replicate_Flag","Sample_Sub_ID","Sample_Composite_Flag","Storm_Event_Qualifier","Sample_Matrix","Sample_Source","Sample_Use","Sample_Collection_Method","Sample_Preparation_Method","Sample_Method_Other","Sample_Taxon_Name","Sample_Taxon_TSN","Sample_Tissue_Type","Sample_Percent_Sorted","Result_Parameter_Name","Result_Parameter_CAS_Number","Lab_Analysis_Date","Lab_Analysis_Date_Accuracy","Lab_Analysis_Time","Result_Value","Result_Value_Units","Result_Reporting_Limit","Result_Reporting_Limit_Type","Result_Detection_Limit","Result_Detection_Limit_Type","Result_Data_Qualifier","Fraction_Analyzed","Field_Filtered_Flag","Result_Basis","Digestion_Method","Water_Level_Accuracy","Result_Method","Result_Comment","Result_Additional_Comment","Result_Lab_Replicate_ID","Result_Lab_Name","Result_Validation_Level","Result_Taxon_Name","Result_Taxon_TSN","Result_Taxon_Unidentified_Species","Result_Taxon_Life_Stage","QC_Blank_Type","QC_Blank_Censor_Factor","Lab_Batch_ID","Lab_GC_Column_ID"
"1","Ambient Monitoring","07RAG004615","07RAG004615","Sample","GovLocal","7/28/2016",NA,NA,NA,"recent changes: huge cottonwood fell a couple months ago across u/s portion of reach (LWD). Harold concerned about gravel operation blasting and compromising bank stability.",8,"ft2",NA,NA,NA,NA,NA,"07RAG004615_16",NA,"N",NA,"Y",NA,"Solid/Sediment","Freshwater Taxonomy",NA,"SURBER",NA,NA,NA,NA,NA,33.33,"Number of Individual Organisms",NA,42735,"U",NA,11,"Count",NA,NA,NA,NA,NA,NA,NA,NA,NA,NA,"ID-COUNT-LEVEL2","","07RAG004615_16",NA,"Rhithron Associates Inc, Missoula MT",NA,"Baetis",100800,NA,"Larva",NA,NA,NA,NA
"2","Ambient Monitoring","07RAG004615","07RAG004615","Sample","GovLocal","7/28/2016",NA,NA,NA,"recent changes: huge cottonwood fell a couple months ago across u/s portion of reach (LWD). Harold concerned about gravel operation blasting and compromising bank stability.",8,"ft2",NA,NA,NA,NA,NA,"07RAG004615_16",NA,"N",NA,"Y",NA,"Solid/Sediment","Freshwater Taxonomy",NA,"SURBER",NA,NA,NA,NA,NA,33.33,"Number of Individual Organisms",NA,42735,"U",NA,40,"Count",NA,NA,NA,NA,NA,NA,NA,NA,NA,NA,"ID-COUNT-LEVEL2","","07RAG004615_16",NA,"Rhithron Associates Inc, Missoula MT",NA,"Baetis",100800,NA,"Larva",NA,NA,NA,NA
"3","Ambient Monitoring","07RAG042787","07RAG042787","Sample","GovLocal","9/12/2018",NA,NA,NA,"Sample 07RAG042787_18_R is a QC replicate of 07RAG042787_18.",8,"ft2",NA,NA,NA,NA,NA,"07RAG042787_18_R",NA,"Y",NA,"Y",NA,"Solid/Sediment","Freshwater Taxonomy",NA,"SURBER",NA,NA,NA,NA,NA,23.33,"Number of Individual Organisms",NA,43465,"U",NA,16,"Count",NA,NA,NA,NA,NA,NA,NA,NA,NA,NA,"ID-COUNT-LEVEL2","","07RAG042787_18_R",NA,"Rhithron Associates Inc, Missoula MT",NA,"Orthocladiinae",128457,NA,"Larva",NA,NA,NA,NA
"4","Ambient Monitoring","07RAG042787","07RAG042787","Sample","GovLocal","9/12/2018",NA,NA,NA,"Sample 07RAG042787_18_R is a QC replicate of 07RAG042787_18.",8,"ft2",NA,NA,NA,NA,NA,"07RAG042787_18_R",NA,"Y",NA,"Y",NA,"Solid/Sediment","Freshwater Taxonomy",NA,"SURBER",NA,NA,NA,NA,NA,23.33,"Number of Individual Organisms",NA,43465,"U",NA,1,"Count",NA,NA,NA,NA,NA,NA,NA,NA,NA,NA,"ID-COUNT-LEVEL2","","07RAG042787_18_R",NA,"Rhithron Associates Inc, Missoula MT",NA,"Orthocladiinae",128457,NA,"Larva",NA,NA,NA,NA
"5","Ambient Monitoring","07RAG043443","07RAG043443","Sample","GovLocal","8/20/2024",NA,NA,NA,"",8,"ft2",NA,NA,NA,NA,NA,"07RAG043443_24",NA,"N",NA,"Y",NA,"Solid/Sediment","Freshwater Taxonomy",NA,"SURBER",NA,NA,NA,NA,NA,16.67,"Number of Individual Organisms",NA,45657,"U",NA,1,"Count",NA,NA,NA,NA,NA,NA,NA,NA,NA,NA,"ID-COUNT-LEVEL2","","07RAG043443_24",NA,"Rhithron Associates Inc, Missoula MT",NA,"Orthocladiinae",128457,NA,"Larva",NA,NA,NA,NA
"6","Ambient Monitoring","07RAG043443","07RAG043443","Sample","GovLocal","8/20/2024",NA,NA,NA,"",8,"ft2",NA,NA,NA,NA,NA,"07RAG043443_24",NA,"N",NA,"Y",NA,"Solid/Sediment","Freshwater Taxonomy",NA,"SURBER",NA,NA,NA,NA,NA,16.67,"Number of Individual Organisms",NA,45657,"U",NA,3,"Count",NA,NA,NA,NA,NA,NA,NA,NA,NA,NA,"ID-COUNT-LEVEL2","","07RAG043443_24",NA,"Rhithron Associates Inc, Missoula MT",NA,"Orthocladiinae",128457,NA,"Larva",NA,NA,NA,NA
"7","Ambient Monitoring","07RAG043443","07RAG043443","Sample","GovLocal","8/8/2018",NA,NA,NA,"Found a tiny hole in the net. Sample 07RAG043443_18_R is a QC replicate of 07RAG043443_18.",8,"ft2",NA,NA,NA,NA,NA,"07RAG043443_18_R",NA,"Y",NA,"Y",NA,"Solid/Sediment","Freshwater Taxonomy",NA,"SURBER",NA,NA,NA,NA,NA,23.33,"Number of Individual Organisms",NA,43465,"U",NA,1,"Count",NA,NA,NA,NA,NA,NA,NA,NA,NA,NA,"ID-COUNT-LEVEL2","","07RAG043443_18_R",NA,"Rhithron Associates Inc, Missoula MT",NA,"Orthocladiinae",128457,NA,"Larva",NA,NA,NA,NA
"8","Ambient Monitoring","07RAG043443","07RAG043443","Sample","GovLocal","8/8/2018",NA,NA,NA,"Found a tiny hole in the net. Sample 07RAG043443_18_R is a QC replicate of 07RAG043443_18.",8,"ft2",NA,NA,NA,NA,NA,"07RAG043443_18_R",NA,"Y",NA,"Y",NA,"Solid/Sediment","Freshwater Taxonomy",NA,"SURBER",NA,NA,NA,NA,NA,23.33,"Number of Individual Organisms",NA,43465,"U",NA,3,"Count",NA,NA,NA,NA,NA,NA,NA,NA,NA,NA,"ID-COUNT-LEVEL2","","07RAG043443_18_R",NA,"Rhithron Associates Inc, Missoula MT",NA,"Orthocladiinae",128457,NA,"Larva",NA,NA,NA,NA
"9","Ambient Monitoring","07STL080295","07STL080295","Sample","GovLocal","9/12/2024",NA,NA,NA,"",8,"ft2",NA,NA,NA,NA,NA,"07STL080295_24",NA,"N",NA,"Y",NA,"Solid/Sediment","Freshwater Taxonomy",NA,"SURBER",NA,NA,NA,NA,NA,16.67,"Number of Individual Organisms",NA,45657,"U",NA,17,"Count",NA,NA,NA,NA,NA,NA,NA,NA,NA,NA,"ID-COUNT-LEVEL2","","07STL080295_24",NA,"Rhithron Associates Inc, Missoula MT",NA,"Orthocladiinae",128457,NA,"Larva",NA,NA,NA,NA
"10","Ambient Monitoring","07STL080295","07STL080295","Sample","GovLocal","9/12/2024",NA,NA,NA,"",8,"ft2",NA,NA,NA,NA,NA,"07STL080295_24",NA,"N",NA,"Y",NA,"Solid/Sediment","Freshwater Taxonomy",NA,"SURBER",NA,NA,NA,NA,NA,16.67,"Number of Individual Organisms",NA,45657,"U",NA,2,"Count",NA,NA,NA,NA,NA,NA,NA,NA,NA,NA,"ID-COUNT-LEVEL2","","07STL080295_24",NA,"Rhithron Associates Inc, Missoula MT",NA,"Orthocladiinae",128457,NA,"Larva",NA,NA,NA,NA
"11","Ambient Monitoring","07STL080295","07STL080295","Sample","GovLocal","9/6/2022",NA,NA,NA,"",8,"ft2",NA,NA,NA,NA,NA,"07STL080295_22",NA,"N",NA,"Y",NA,"Solid/Sediment","Freshwater Taxonomy",NA,"SURBER",NA,NA,NA,NA,NA,23.33,"Number of Individual Organisms",NA,44926,"U",NA,3,"Count",NA,NA,NA,NA,NA,NA,NA,NA,NA,NA,"ID-COUNT-LEVEL2","","07STL080295_22",NA,"Rhithron Associates Inc, Missoula MT",NA,"Orthocladiinae",128457,NA,"Larva",NA,NA,NA,NA
"12","Ambient Monitoring","07STL080295","07STL080295","Sample","GovLocal","9/6/2022",NA,NA,NA,"",8,"ft2",NA,NA,NA,NA,NA,"07STL080295_22",NA,"N",NA,"Y",NA,"Solid/Sediment","Freshwater Taxonomy",NA,"SURBER",NA,NA,NA,NA,NA,23.33,"Number of Individual Organisms",NA,44926,"U",NA,1,"Count",NA,NA,NA,NA,NA,NA,NA,NA,NA,NA,"ID-COUNT-LEVEL2","","07STL080295_22",NA,"Rhithron Associates Inc, Missoula MT",NA,"Orthocladiinae",128457,NA,"Larva",NA,NA,NA,NA
"13","Ambient Monitoring","07STL080295","07STL080295","Sample","GovLocal","8/25/2020",NA,NA,NA,"",8,"ft2",NA,NA,NA,NA,NA,"07STL080295_20",NA,"N",NA,"Y",NA,"Solid/Sediment","Freshwater Taxonomy",NA,"SURBER",NA,NA,NA,NA,NA,23.33,"Number of Individual Organisms",NA,44196,"U",NA,2,"Count",NA,NA,NA,NA,NA,NA,NA,NA,NA,NA,"ID-COUNT-LEVEL2","","07STL080295_20",NA,"Rhithron Associates Inc, Missoula MT",NA,"Orthocladiinae",128457,NA,"Larva",NA,NA,NA,NA
"14","Ambient Monitoring","07STL080295","07STL080295","Sample","GovLocal","8/25/2020",NA,NA,NA,"",8,"ft2",NA,NA,NA,NA,NA,"07STL080295_20",NA,"N",NA,"Y",NA,"Solid/Sediment","Freshwater Taxonomy",NA,"SURBER",NA,NA,NA,NA,NA,23.33,"Number of Individual Organisms",NA,44196,"U",NA,1,"Count",NA,NA,NA,NA,NA,NA,NA,NA,NA,NA,"ID-COUNT-LEVEL2","","07STL080295_20",NA,"Rhithron Associates Inc, Missoula MT",NA,"Orthocladiinae",128457,NA,"Larva",NA,NA,NA,NA
"15","Ambient Monitoring","07STL184007","07STL184007","Sample","GovLocal","9/14/2023",NA,NA,NA,"",8,"ft2",NA,NA,NA,NA,NA,"07STL184007_23",NA,"N",NA,"Y",NA,"Solid/Sediment","Freshwater Taxonomy",NA,"SURBER",NA,NA,NA,NA,NA,6.67,"Number of Individual Organisms",NA,45291,"U",NA,2,"Count",NA,NA,NA,NA,NA,NA,NA,NA,NA,NA,"ID-COUNT-LEVEL2","","07STL184007_23",NA,"Rhithron Associates Inc, Missoula MT",NA,"Orthocladiinae",128457,NA,"Larva",NA,NA,NA,NA
"16","Ambient Monitoring","07STL184007","07STL184007","Sample","GovLocal","9/14/2023",NA,NA,NA,"",8,"ft2",NA,NA,NA,NA,NA,"07STL184007_23",NA,"N",NA,"Y",NA,"Solid/Sediment","Freshwater Taxonomy",NA,"SURBER",NA,NA,NA,NA,NA,6.67,"Number of Individual Organisms",NA,45291,"U",NA,1,"Count",NA,NA,NA,NA,NA,NA,NA,NA,NA,NA,"ID-COUNT-LEVEL2","","07STL184007_23",NA,"Rhithron Associates Inc, Missoula MT",NA,"Orthocladiinae",128457,NA,"Larva",NA,NA,NA,NA
"17","Ambient Monitoring","07GRN022903","07GRN022903","Sample","GovLocal","9/9/2024",NA,NA,NA,"",8,"ft2",NA,NA,NA,NA,NA,"07GRN022903_24",NA,"N",NA,"Y",NA,"Solid/Sediment","Freshwater Taxonomy",NA,"SURBER",NA,NA,NA,NA,NA,5,"Number of Individual Organisms",NA,45657,"U",NA,14,"Count",NA,NA,NA,NA,NA,NA,NA,NA,NA,NA,"ID-COUNT-LEVEL2","","07GRN022903_24",NA,"Rhithron Associates Inc, Missoula MT",NA,"Orthocladiinae",128457,NA,"Larva",NA,NA,NA,NA
"18","Ambient Monitoring","07GRN022903","07GRN022903","Sample","GovLocal","9/9/2024",NA,NA,NA,"",8,"ft2",NA,NA,NA,NA,NA,"07GRN022903_24",NA,"N",NA,"Y",NA,"Solid/Sediment","Freshwater Taxonomy",NA,"SURBER",NA,NA,NA,NA,NA,5,"Number of Individual Organisms",NA,45657,"U",NA,1,"Count",NA,NA,NA,NA,NA,NA,NA,NA,NA,NA,"ID-COUNT-LEVEL2","","07GRN022903_24",NA,"Rhithron Associates Inc, Missoula MT",NA,"Orthocladiinae",128457,NA,"Larva",NA,NA,NA,NA
"19","Ambient Monitoring","07HAR070087","07HAR070087","Sample","GovLocal","9/19/2019",NA,NA,NA,"",8,"ft2",NA,NA,NA,NA,NA,"07HAR070087_19",NA,"N",NA,"Y",NA,"Solid/Sediment","Freshwater Taxonomy",NA,"SURBER",NA,NA,NA,NA,NA,33.33,"Number of Individual Organisms",NA,43830,"U",NA,1,"Count",NA,NA,NA,NA,NA,NA,NA,NA,NA,NA,"ID-COUNT-LEVEL2","","07HAR070087_19",NA,"Rhithron Associates Inc, Missoula MT",NA,"Orthocladiinae",128457,NA,"Pupa",NA,NA,NA,NA
"20","Ambient Monitoring","07HAR070087","07HAR070087","Sample","GovLocal","9/19/2019",NA,NA,NA,"",8,"ft2",NA,NA,NA,NA,NA,"07HAR070087_19",NA,"N",NA,"Y",NA,"Solid/Sediment","Freshwater Taxonomy",NA,"SURBER",NA,NA,NA,NA,NA,33.33,"Number of Individual Organisms",NA,43830,"U",NA,1,"Count",NA,NA,NA,NA,NA,NA,NA,NA,NA,NA,"ID-COUNT-LEVEL2","Orthocladiinae Genus 5 (Coffman and Ferrington)","07HAR070087_19",NA,"Rhithron Associates Inc, Missoula MT",NA,"Orthocladiinae",128457,NA,"Pupa",NA,NA,NA,NA
"21","Ambient Monitoring","07TKL047047","07TKL047047","Sample","GovLocal","9/9/2024",NA,NA,NA,"",8,"ft2",NA,NA,NA,NA,NA,"07TKL047047_24",NA,"N",NA,"Y",NA,"Solid/Sediment","Freshwater Taxonomy",NA,"SURBER",NA,NA,NA,NA,NA,3.33,"Number of Individual Organisms",NA,45657,"U",NA,1,"Count",NA,NA,NA,NA,NA,NA,NA,NA,NA,NA,"ID-COUNT-LEVEL2","","07TKL047047_24",NA,"Rhithron Associates Inc, Missoula MT",NA,"Orthocladiinae",128457,NA,"Larva",NA,NA,NA,NA
"22","Ambient Monitoring","07TKL047047","07TKL047047","Sample","GovLocal","9/9/2024",NA,NA,NA,"",8,"ft2",NA,NA,NA,NA,NA,"07TKL047047_24",NA,"N",NA,"Y",NA,"Solid/Sediment","Freshwater Taxonomy",NA,"SURBER",NA,NA,NA,NA,NA,3.33,"Number of Individual Organisms",NA,45657,"U",NA,6,"Count",NA,NA,NA,NA,NA,NA,NA,NA,NA,NA,"ID-COUNT-LEVEL2","","07TKL047047_24",NA,"Rhithron Associates Inc, Missoula MT",NA,"Orthocladiinae",128457,NA,"Larva",NA,NA,NA,NA
"23","Ambient Monitoring","07TKL047047","07TKL047047","Sample","GovLocal","7/31/2023",NA,NA,NA,"",8,"ft2",NA,NA,NA,NA,NA,"07TKL047047_23",NA,"N",NA,"Y",NA,"Solid/Sediment","Freshwater Taxonomy",NA,"SURBER",NA,NA,NA,NA,NA,5,"Number of Individual Organisms",NA,45291,"U",NA,2,"Count",NA,NA,NA,NA,NA,NA,NA,NA,NA,NA,"ID-COUNT-LEVEL2","","07TKL047047_23",NA,"Rhithron Associates Inc, Missoula MT",NA,"Orthocladiinae",128457,NA,"Larva",NA,NA,NA,NA
"24","Ambient Monitoring","07TKL047047","07TKL047047","Sample","GovLocal","7/31/2023",NA,NA,NA,"",8,"ft2",NA,NA,NA,NA,NA,"07TKL047047_23",NA,"N",NA,"Y",NA,"Solid/Sediment","Freshwater Taxonomy",NA,"SURBER",NA,NA,NA,NA,NA,5,"Number of Individual Organisms",NA,45291,"U",NA,6,"Count",NA,NA,NA,NA,NA,NA,NA,NA,NA,NA,"ID-COUNT-LEVEL2","","07TKL047047_23",NA,"Rhithron Associates Inc, Missoula MT",NA,"Orthocladiinae",128457,NA,"Larva",NA,NA,NA,NA
"25","Ambient Monitoring","07LMS026663","07LMS026663","Sample","GovLocal","8/13/2018",NA,NA,NA,"Used kicknet to collect samples.",8,"ft2",NA,NA,NA,NA,NA,"07LMS026663_18",NA,"N",NA,"Y",NA,"Solid/Sediment","Freshwater Taxonomy",NA,"SURBER",NA,NA,NA,NA,NA,30,"Number of Individual Organisms",NA,43465,"U",NA,1,"Count",NA,NA,NA,NA,NA,NA,NA,NA,NA,NA,"ID-COUNT-LEVEL2","","07LMS026663_18",NA,"Rhithron Associates Inc, Missoula MT",NA,"Orthocladiinae",128457,NA,"Larva",NA,NA,NA,NA
"26","Ambient Monitoring","07LMS026663","07LMS026663","Sample","GovLocal","8/13/2018",NA,NA,NA,"Used kicknet to collect samples.",8,"ft2",NA,NA,NA,NA,NA,"07LMS026663_18",NA,"N",NA,"Y",NA,"Solid/Sediment","Freshwater Taxonomy",NA,"SURBER",NA,NA,NA,NA,NA,30,"Number of Individual Organisms",NA,43465,"U",NA,4,"Count",NA,NA,NA,NA,NA,NA,NA,NA,NA,NA,"ID-COUNT-LEVEL2","","07LMS026663_18",NA,"Rhithron Associates Inc, Missoula MT",NA,"Orthocladiinae",128457,NA,"Larva",NA,NA,NA,NA
"27","Ambient Monitoring","07LMS026663","07LMS026663","Sample","GovLocal","8/13/2018",NA,NA,NA,"Used kicknet to collect samples.",8,"ft2",NA,NA,NA,NA,NA,"07LMS026663_18",NA,"N",NA,"Y",NA,"Solid/Sediment","Freshwater Taxonomy",NA,"SURBER",NA,NA,NA,NA,NA,30,"Number of Individual Organisms",NA,43465,"U",NA,12,"Count",NA,NA,NA,NA,NA,NA,NA,NA,NA,NA,"ID-COUNT-LEVEL2","","07LMS026663_18",NA,"Rhithron Associates Inc, Missoula MT",NA,"Baetis",100800,NA,"Larva",NA,NA,NA,NA
"28","Ambient Monitoring","07LMS026663","07LMS026663","Sample","GovLocal","8/13/2018",NA,NA,NA,"Used kicknet to collect samples.",8,"ft2",NA,NA,NA,NA,NA,"07LMS026663_18",NA,"N",NA,"Y",NA,"Solid/Sediment","Freshwater Taxonomy",NA,"SURBER",NA,NA,NA,NA,NA,30,"Number of Individual Organisms",NA,43465,"U",NA,3,"Count",NA,NA,NA,NA,NA,NA,NA,NA,NA,NA,"ID-COUNT-LEVEL2","","07LMS026663_18",NA,"Rhithron Associates Inc, Missoula MT",NA,"Baetis",100800,NA,"Larva",NA,NA,NA,NA
"29","Ambient Monitoring","07LMS033235","07LMS033235","Sample","GovLocal","9/4/2024",NA,NA,NA,"QC sample; original collected weeks before.",8,"ft2",NA,NA,NA,NA,NA,"07LMS033235_24_R",NA,"N",NA,"Y",NA,"Solid/Sediment","Freshwater Taxonomy",NA,"SURBER",NA,NA,NA,NA,NA,13.33,"Number of Individual Organisms",NA,45657,"U",NA,5,"Count",NA,NA,NA,NA,NA,NA,NA,NA,NA,NA,"ID-COUNT-LEVEL2","","07LMS033235_24_R",NA,"Rhithron Associates Inc, Missoula MT",NA,"Orthocladiinae",128457,NA,"Larva",NA,NA,NA,NA
"30","Ambient Monitoring","07LMS033235","07LMS033235","Sample","GovLocal","9/4/2024",NA,NA,NA,"QC sample; original collected weeks before.",8,"ft2",NA,NA,NA,NA,NA,"07LMS033235_24_R",NA,"N",NA,"Y",NA,"Solid/Sediment","Freshwater Taxonomy",NA,"SURBER",NA,NA,NA,NA,NA,13.33,"Number of Individual Organisms",NA,45657,"U",NA,2,"Count",NA,NA,NA,NA,NA,NA,NA,NA,NA,NA,"ID-COUNT-LEVEL2","","07LMS033235_24_R",NA,"Rhithron Associates Inc, Missoula MT",NA,"Orthocladiinae",128457,NA,"Larva",NA,NA,NA,NA
"31","Ambient Monitoring","07LMS033235","07LMS033235","Sample","GovLocal","7/10/2024",NA,NA,NA,"",8,"ft2",NA,NA,NA,NA,NA,"07LMS033235_24",NA,"N",NA,"Y",NA,"Solid/Sediment","Freshwater Taxonomy",NA,"SURBER",NA,NA,NA,NA,NA,16.67,"Number of Individual Organisms",NA,45657,"U",NA,2,"Count",NA,NA,NA,NA,NA,NA,NA,NA,NA,NA,"ID-COUNT-LEVEL2","","07LMS033235_24",NA,"Rhithron Associates Inc, Missoula MT",NA,"Orthocladiinae",128457,NA,"Pupa",NA,NA,NA,NA
"32","Ambient Monitoring","07LMS033235","07LMS033235","Sample","GovLocal","7/10/2024",NA,NA,NA,"",8,"ft2",NA,NA,NA,NA,NA,"07LMS033235_24",NA,"N",NA,"Y",NA,"Solid/Sediment","Freshwater Taxonomy",NA,"SURBER",NA,NA,NA,NA,NA,16.67,"Number of Individual Organisms",NA,45657,"U",NA,1,"Count",NA,NA,NA,NA,NA,NA,NA,NA,NA,NA,"ID-COUNT-LEVEL2","Orthocladiinae Genus 5 (Coffman and Ferrington)","07LMS033235_24",NA,"Rhithron Associates Inc, Missoula MT",NA,"Orthocladiinae",128457,NA,"Pupa",NA,NA,NA,NA
"33","Ambient Monitoring","07LMS033235","07LMS033235","Sample","GovLocal","9/7/2023",NA,NA,NA,"",8,"ft2",NA,NA,NA,NA,NA,"07LMS033235_23",NA,"N",NA,"Y",NA,"Solid/Sediment","Freshwater Taxonomy",NA,"SURBER",NA,NA,NA,NA,NA,10,"Number of Individual Organisms",NA,45291,"U",NA,7,"Count",NA,NA,NA,NA,NA,NA,NA,NA,NA,NA,"ID-COUNT-LEVEL2","","07LMS033235_23",NA,"Rhithron Associates Inc, Missoula MT",NA,"Orthocladiinae",128457,NA,"Larva",NA,NA,NA,NA
"34","Ambient Monitoring","07LMS033235","07LMS033235","Sample","GovLocal","9/7/2023",NA,NA,NA,"",8,"ft2",NA,NA,NA,NA,NA,"07LMS033235_23",NA,"N",NA,"Y",NA,"Solid/Sediment","Freshwater Taxonomy",NA,"SURBER",NA,NA,NA,NA,NA,10,"Number of Individual Organisms",NA,45291,"U",NA,1,"Count",NA,NA,NA,NA,NA,NA,NA,NA,NA,NA,"ID-COUNT-LEVEL2","","07LMS033235_23",NA,"Rhithron Associates Inc, Missoula MT",NA,"Orthocladiinae",128457,NA,"Larva",NA,NA,NA,NA
"35","Ambient Monitoring","07LMS033235","07LMS033235","Sample","GovLocal","8/12/2020",NA,NA,NA,"",8,"ft2",NA,NA,NA,NA,NA,"07LMS033235_20",NA,"N",NA,"Y",NA,"Solid/Sediment","Freshwater Taxonomy",NA,"SURBER",NA,NA,NA,NA,NA,60,"Number of Individual Organisms",NA,44196,"U",NA,1,"Count",NA,NA,NA,NA,NA,NA,NA,NA,NA,NA,"ID-COUNT-LEVEL2","","07LMS033235_20",NA,"Rhithron Associates Inc, Missoula MT",NA,"Orthocladiinae",128457,NA,"Larva",NA,NA,NA,NA
"36","Ambient Monitoring","07LMS033235","07LMS033235","Sample","GovLocal","8/12/2020",NA,NA,NA,"",8,"ft2",NA,NA,NA,NA,NA,"07LMS033235_20",NA,"N",NA,"Y",NA,"Solid/Sediment","Freshwater Taxonomy",NA,"SURBER",NA,NA,NA,NA,NA,60,"Number of Individual Organisms",NA,44196,"U",NA,4,"Count",NA,NA,NA,NA,NA,NA,NA,NA,NA,NA,"ID-COUNT-LEVEL2","Orthocladiinae Genus 5 (Coffman and Ferrington)","07LMS033235_20",NA,"Rhithron Associates Inc, Missoula MT",NA,"Orthocladiinae",128457,NA,"Larva",NA,NA,NA,NA
"37","Ambient Monitoring","07LMS103591","07LMS103591","Sample","GovLocal","7/10/2024",NA,NA,NA,"",8,"ft2",NA,NA,NA,NA,NA,"07LMS103591_24",NA,"N",NA,"Y",NA,"Solid/Sediment","Freshwater Taxonomy",NA,"SURBER",NA,NA,NA,NA,NA,40,"Number of Individual Organisms",NA,45657,"U",NA,1,"Count",NA,NA,NA,NA,NA,NA,NA,NA,NA,NA,"ID-COUNT-LEVEL2","","07LMS103591_24",NA,"Rhithron Associates Inc, Missoula MT",NA,"Orthocladiinae",128457,NA,"Larva",NA,NA,NA,NA
"38","Ambient Monitoring","07LMS103591","07LMS103591","Sample","GovLocal","7/10/2024",NA,NA,NA,"",8,"ft2",NA,NA,NA,NA,NA,"07LMS103591_24",NA,"N",NA,"Y",NA,"Solid/Sediment","Freshwater Taxonomy",NA,"SURBER",NA,NA,NA,NA,NA,40,"Number of Individual Organisms",NA,45657,"U",NA,5,"Count",NA,NA,NA,NA,NA,NA,NA,NA,NA,NA,"ID-COUNT-LEVEL2","","07LMS103591_24",NA,"Rhithron Associates Inc, Missoula MT",NA,"Orthocladiinae",128457,NA,"Larva",NA,NA,NA,NA
"39","Ambient Monitoring","07LMS213875","07LMS213875","Sample","GovLocal","9/4/2024",NA,NA,NA,"",8,"ft2",NA,NA,NA,NA,NA,"07LMS213875_24",NA,"N",NA,"Y",NA,"Solid/Sediment","Freshwater Taxonomy",NA,"SURBER",NA,NA,NA,NA,NA,26.67,"Number of Individual Organisms",NA,45657,"U",NA,37,"Count",NA,NA,NA,NA,NA,NA,NA,NA,NA,NA,"ID-COUNT-LEVEL2","","07LMS213875_24",NA,"Rhithron Associates Inc, Missoula MT",NA,"Orthocladiinae",128457,NA,"Larva",NA,NA,NA,NA
"40","Ambient Monitoring","07LMS213875","07LMS213875","Sample","GovLocal","9/4/2024",NA,NA,NA,"",8,"ft2",NA,NA,NA,NA,NA,"07LMS213875_24",NA,"N",NA,"Y",NA,"Solid/Sediment","Freshwater Taxonomy",NA,"SURBER",NA,NA,NA,NA,NA,26.67,"Number of Individual Organisms",NA,45657,"U",NA,2,"Count",NA,NA,NA,NA,NA,NA,NA,NA,NA,NA,"ID-COUNT-LEVEL2","","07LMS213875_24",NA,"Rhithron Associates Inc, Missoula MT",NA,"Orthocladiinae",128457,NA,"Larva",NA,NA,NA,NA
"41","Ambient Monitoring","07LMS213875","07LMS213875","Sample","GovLocal","9/13/2022",NA,NA,NA,"",8,"ft2",NA,NA,NA,NA,NA,"07LMS213875_22",NA,"N",NA,"Y",NA,"Solid/Sediment","Freshwater Taxonomy",NA,"SURBER",NA,NA,NA,NA,NA,46.67,"Number of Individual Organisms",NA,44926,"U",NA,26,"Count",NA,NA,NA,NA,NA,NA,NA,NA,NA,NA,"ID-COUNT-LEVEL2","","07LMS213875_22",NA,"Rhithron Associates Inc, Missoula MT",NA,"Orthocladiinae",128457,NA,"Larva",NA,NA,NA,NA
"42","Ambient Monitoring","07LMS213875","07LMS213875","Sample","GovLocal","9/13/2022",NA,NA,NA,"",8,"ft2",NA,NA,NA,NA,NA,"07LMS213875_22",NA,"N",NA,"Y",NA,"Solid/Sediment","Freshwater Taxonomy",NA,"SURBER",NA,NA,NA,NA,NA,46.67,"Number of Individual Organisms",NA,44926,"U",NA,1,"Count",NA,NA,NA,NA,NA,NA,NA,NA,NA,NA,"ID-COUNT-LEVEL2","","07LMS213875_22",NA,"Rhithron Associates Inc, Missoula MT",NA,"Orthocladiinae",128457,NA,"Larva",NA,NA,NA,NA
"43","Ambient Monitoring","07LMS213875","07LMS213875","Sample","GovLocal","8/12/2020",NA,NA,NA,"",8,"ft2",NA,NA,NA,NA,NA,"07LMS213875_20",NA,"N",NA,"Y",NA,"Solid/Sediment","Freshwater Taxonomy",NA,"SURBER",NA,NA,NA,NA,NA,40,"Number of Individual Organisms",NA,44196,"U",NA,14,"Count",NA,NA,NA,NA,NA,NA,NA,NA,NA,NA,"ID-COUNT-LEVEL2","","07LMS213875_20",NA,"Rhithron Associates Inc, Missoula MT",NA,"Orthocladiinae",128457,NA,"Larva",NA,NA,NA,NA
"44","Ambient Monitoring","07LMS213875","07LMS213875","Sample","GovLocal","8/12/2020",NA,NA,NA,"",8,"ft2",NA,NA,NA,NA,NA,"07LMS213875_20",NA,"N",NA,"Y",NA,"Solid/Sediment","Freshwater Taxonomy",NA,"SURBER",NA,NA,NA,NA,NA,40,"Number of Individual Organisms",NA,44196,"U",NA,2,"Count",NA,NA,NA,NA,NA,NA,NA,NA,NA,NA,"ID-COUNT-LEVEL2","","07LMS213875_20",NA,"Rhithron Associates Inc, Missoula MT",NA,"Orthocladiinae",128457,NA,"Larva",NA,NA,NA,NA
"45","Ambient Monitoring","07LMS213875","07LMS213875","Sample","GovLocal","8/6/2018",NA,NA,NA,"People playing u/s in water.",8,"ft2",NA,NA,NA,NA,NA,"07LMS213875_18",NA,"N",NA,"Y",NA,"Solid/Sediment","Freshwater Taxonomy",NA,"SURBER",NA,NA,NA,NA,NA,43.33,"Number of Individual Organisms",NA,43465,"U",NA,4,"Count",NA,NA,NA,NA,NA,NA,NA,NA,NA,NA,"ID-COUNT-LEVEL2","","07LMS213875_18",NA,"Rhithron Associates Inc, Missoula MT",NA,"Orthocladiinae",128457,NA,"Larva",NA,NA,NA,NA
"46","Ambient Monitoring","07LMS213875","07LMS213875","Sample","GovLocal","8/6/2018",NA,NA,NA,"People playing u/s in water.",8,"ft2",NA,NA,NA,NA,NA,"07LMS213875_18",NA,"N",NA,"Y",NA,"Solid/Sediment","Freshwater Taxonomy",NA,"SURBER",NA,NA,NA,NA,NA,43.33,"Number of Individual Organisms",NA,43465,"U",NA,17,"Count",NA,NA,NA,NA,NA,NA,NA,NA,NA,NA,"ID-COUNT-LEVEL2","","07LMS213875_18",NA,"Rhithron Associates Inc, Missoula MT",NA,"Orthocladiinae",128457,NA,"Larva",NA,NA,NA,NA
"47","Ambient Monitoring","07LMS213875","07LMS213875","Sample","GovLocal","8/6/2018",NA,NA,NA,"People playing u/s in water.",8,"ft2",NA,NA,NA,NA,NA,"07LMS213875_18",NA,"N",NA,"Y",NA,"Solid/Sediment","Freshwater Taxonomy",NA,"SURBER",NA,NA,NA,NA,NA,43.33,"Number of Individual Organisms",NA,43465,"U",NA,11,"Count",NA,NA,NA,NA,NA,NA,NA,NA,NA,NA,"ID-COUNT-LEVEL2","","07LMS213875_18",NA,"Rhithron Associates Inc, Missoula MT",NA,"Baetis",100800,NA,"Larva",NA,NA,NA,NA
"48","Ambient Monitoring","07LMS213875","07LMS213875","Sample","GovLocal","8/6/2018",NA,NA,NA,"People playing u/s in water.",8,"ft2",NA,NA,NA,NA,NA,"07LMS213875_18",NA,"N",NA,"Y",NA,"Solid/Sediment","Freshwater Taxonomy",NA,"SURBER",NA,NA,NA,NA,NA,43.33,"Number of Individual Organisms",NA,43465,"U",NA,21,"Count",NA,NA,NA,NA,NA,NA,NA,NA,NA,NA,"ID-COUNT-LEVEL2","","07LMS213875_18",NA,"Rhithron Associates Inc, Missoula MT",NA,"Baetis",100800,NA,"Larva",NA,NA,NA,NA
"49","Ambient Monitoring","07SFS041891","07SFS041891","Sample","GovLocal","9/3/2020",NA,NA,NA,"",8,"ft2",NA,NA,NA,NA,NA,"07SFS041891_20",NA,"N",NA,"Y",NA,"Solid/Sediment","Freshwater Taxonomy",NA,"SURBER",NA,NA,NA,NA,NA,10,"Number of Individual Organisms",NA,44196,"U",NA,10,"Count",NA,NA,NA,NA,NA,NA,NA,NA,NA,NA,"ID-COUNT-LEVEL2","","07SFS041891_20",NA,"Rhithron Associates Inc, Missoula MT",NA,"Orthocladiinae",128457,NA,"Larva",NA,NA,NA,NA
"50","Ambient Monitoring","07SFS041891","07SFS041891","Sample","GovLocal","9/3/2020",NA,NA,NA,"",8,"ft2",NA,NA,NA,NA,NA,"07SFS041891_20",NA,"N",NA,"Y",NA,"Solid/Sediment","Freshwater Taxonomy",NA,"SURBER",NA,NA,NA,NA,NA,10,"Number of Individual Organisms",NA,44196,"U",NA,2,"Count",NA,NA,NA,NA,NA,NA,NA,NA,NA,NA,"ID-COUNT-LEVEL2","","07SFS041891_20",NA,"Rhithron Associates Inc, Missoula MT",NA,"Orthocladiinae",128457,NA,"Larva",NA,NA,NA,NA
"51","Ambient Monitoring","07SFS041891","07SFS041891","Sample","GovLocal","8/27/2019",NA,NA,NA,"QC SITE. Sample 07SFS041891_19_R is a QC replicate of 07SFS041891_19.",8,"ft2",NA,NA,NA,NA,NA,"07SFS041891_19_R",NA,"Y",NA,"Y",NA,"Solid/Sediment","Freshwater Taxonomy",NA,"SURBER",NA,NA,NA,NA,NA,20,"Number of Individual Organisms",NA,43830,"U",NA,21,"Count",NA,NA,NA,NA,NA,NA,NA,NA,NA,NA,"ID-COUNT-LEVEL2","","07SFS041891_19_R",NA,"Rhithron Associates Inc, Missoula MT",NA,"Orthocladiinae",128457,NA,"Larva",NA,NA,NA,NA
"52","Ambient Monitoring","07SFS041891","07SFS041891","Sample","GovLocal","8/27/2019",NA,NA,NA,"QC SITE. Sample 07SFS041891_19_R is a QC replicate of 07SFS041891_19.",8,"ft2",NA,NA,NA,NA,NA,"07SFS041891_19_R",NA,"Y",NA,"Y",NA,"Solid/Sediment","Freshwater Taxonomy",NA,"SURBER",NA,NA,NA,NA,NA,20,"Number of Individual Organisms",NA,43830,"U",NA,1,"Count",NA,NA,NA,NA,NA,NA,NA,NA,NA,NA,"ID-COUNT-LEVEL2","","07SFS041891_19_R",NA,"Rhithron Associates Inc, Missoula MT",NA,"Orthocladiinae",128457,NA,"Larva",NA,NA,NA,NA
"53","Ambient Monitoring","07SFS066611","07SFS066611","Sample","GovLocal","8/1/2022",NA,NA,NA,"",8,"ft2",NA,NA,NA,NA,NA,"07SFS066611_22",NA,"N",NA,"Y",NA,"Solid/Sediment","Freshwater Taxonomy",NA,"SURBER",NA,NA,NA,NA,NA,83.33,"Number of Individual Organisms",NA,44926,"U",NA,3,"Count",NA,NA,NA,NA,NA,NA,NA,NA,NA,NA,"ID-COUNT-LEVEL2","","07SFS066611_22",NA,"Rhithron Associates Inc, Missoula MT",NA,"Orthocladiinae",128457,NA,"Larva",NA,NA,NA,NA
"54","Ambient Monitoring","07SFS066611","07SFS066611","Sample","GovLocal","8/1/2022",NA,NA,NA,"",8,"ft2",NA,NA,NA,NA,NA,"07SFS066611_22",NA,"N",NA,"Y",NA,"Solid/Sediment","Freshwater Taxonomy",NA,"SURBER",NA,NA,NA,NA,NA,83.33,"Number of Individual Organisms",NA,44926,"U",NA,2,"Count",NA,NA,NA,NA,NA,NA,NA,NA,NA,NA,"ID-COUNT-LEVEL2","","07SFS066611_22",NA,"Rhithron Associates Inc, Missoula MT",NA,"Orthocladiinae",128457,NA,"Larva",NA,NA,NA,NA
"55","Ambient Monitoring","08EAS2546","08EAS2546","Sample","GovLocal","8/19/2021",NA,NA,NA,"",8,"ft2",NA,NA,NA,NA,NA,"08EAS2546_21",NA,"N",NA,"Y",NA,"Solid/Sediment","Freshwater Taxonomy",NA,"SURBER",NA,NA,NA,NA,NA,100,"Number of Individual Organisms",NA,44561,"U",NA,1,"Count",NA,NA,NA,NA,NA,NA,NA,NA,NA,NA,"ID-COUNT-LEVEL2","","08EAS2546_21",NA,"Rhithron Associates Inc, Missoula MT",NA,"Orthocladiinae",128457,NA,"Larva",NA,NA,NA,NA
"56","Ambient Monitoring","08EAS2546","08EAS2546","Sample","GovLocal","8/19/2021",NA,NA,NA,"",8,"ft2",NA,NA,NA,NA,NA,"08EAS2546_21",NA,"N",NA,"Y",NA,"Solid/Sediment","Freshwater Taxonomy",NA,"SURBER",NA,NA,NA,NA,NA,100,"Number of Individual Organisms",NA,44561,"U",NA,1,"Count",NA,NA,NA,NA,NA,NA,NA,NA,NA,NA,"ID-COUNT-LEVEL2","","08EAS2546_21",NA,"Rhithron Associates Inc, Missoula MT",NA,"Orthocladiinae",128457,NA,"Larva",NA,NA,NA,NA
"57","Ambient Monitoring","08CED2898","08CED2898","Sample","GovLocal","7/20/2022",NA,NA,NA,"",8,"ft2",NA,NA,NA,NA,NA,"08CED2898_22",NA,"N",NA,"Y",NA,"Solid/Sediment","Freshwater Taxonomy",NA,"SURBER",NA,NA,NA,NA,NA,83.33,"Number of Individual Organisms",NA,44926,"U",NA,2,"Count",NA,NA,NA,NA,NA,NA,NA,NA,NA,NA,"ID-COUNT-LEVEL2","","08CED2898_22",NA,"Rhithron Associates Inc, Missoula MT",NA,"Orthocladiinae",128457,NA,"Larva",NA,NA,NA,NA
"58","Ambient Monitoring","08CED2898","08CED2898","Sample","GovLocal","7/20/2022",NA,NA,NA,"",8,"ft2",NA,NA,NA,NA,NA,"08CED2898_22",NA,"N",NA,"Y",NA,"Solid/Sediment","Freshwater Taxonomy",NA,"SURBER",NA,NA,NA,NA,NA,83.33,"Number of Individual Organisms",NA,44926,"U",NA,10,"Count",NA,NA,NA,NA,NA,NA,NA,NA,NA,NA,"ID-COUNT-LEVEL2","Orthocladiinae Genus 5 (Coffman and Ferrington)","08CED2898_22",NA,"Rhithron Associates Inc, Missoula MT",NA,"Orthocladiinae",128457,NA,"Larva",NA,NA,NA,NA
"59","Ambient Monitoring","08CED2898","08CED2898","Sample","GovLocal","7/22/2021",NA,NA,NA,"Small creek confluence in middle of reach, did not notice until after sampling.",8,"ft2",NA,NA,NA,NA,NA,"08CED2898_21",NA,"N",NA,"Y",NA,"Solid/Sediment","Freshwater Taxonomy",NA,"SURBER",NA,NA,NA,NA,NA,73.33,"Number of Individual Organisms",NA,44561,"U",NA,3,"Count",NA,NA,NA,NA,NA,NA,NA,NA,NA,NA,"ID-COUNT-LEVEL2","","08CED2898_21",NA,"Rhithron Associates Inc, Missoula MT",NA,"Orthocladiinae",128457,NA,"Larva",NA,NA,NA,NA
"60","Ambient Monitoring","08CED2898","08CED2898","Sample","GovLocal","7/22/2021",NA,NA,NA,"Small creek confluence in middle of reach, did not notice until after sampling.",8,"ft2",NA,NA,NA,NA,NA,"08CED2898_21",NA,"N",NA,"Y",NA,"Solid/Sediment","Freshwater Taxonomy",NA,"SURBER",NA,NA,NA,NA,NA,73.33,"Number of Individual Organisms",NA,44561,"U",NA,1,"Count",NA,NA,NA,NA,NA,NA,NA,NA,NA,NA,"ID-COUNT-LEVEL2","Orthocladiinae Genus 5 (Coffman and Ferrington)","08CED2898_21",NA,"Rhithron Associates Inc, Missoula MT",NA,"Orthocladiinae",128457,NA,"Larva",NA,NA,NA,NA
"61","Ambient Monitoring","08CED2898","08CED2898","Sample","GovLocal","8/5/2020",NA,NA,NA,"",8,"ft2",NA,NA,NA,NA,NA,"08CED2898_20",NA,"N",NA,"Y",NA,"Solid/Sediment","Freshwater Taxonomy",NA,"SURBER",NA,NA,NA,NA,NA,43.33,"Number of Individual Organisms",NA,44196,"U",NA,1,"Count",NA,NA,NA,NA,NA,NA,NA,NA,NA,NA,"ID-COUNT-LEVEL2","","08CED2898_20",NA,"Rhithron Associates Inc, Missoula MT",NA,"Orthocladiinae",128457,NA,"Larva",NA,NA,NA,NA
"62","Ambient Monitoring","08CED2898","08CED2898","Sample","GovLocal","8/5/2020",NA,NA,NA,"",8,"ft2",NA,NA,NA,NA,NA,"08CED2898_20",NA,"N",NA,"Y",NA,"Solid/Sediment","Freshwater Taxonomy",NA,"SURBER",NA,NA,NA,NA,NA,43.33,"Number of Individual Organisms",NA,44196,"U",NA,1,"Count",NA,NA,NA,NA,NA,NA,NA,NA,NA,NA,"ID-COUNT-LEVEL2","Orthocladiinae Genus 5 (Coffman and Ferrington)","08CED2898_20",NA,"Rhithron Associates Inc, Missoula MT",NA,"Orthocladiinae",128457,NA,"Larva",NA,NA,NA,NA
"63","Ambient Monitoring","08CED2898","08CED2898","Sample","GovLocal","8/1/2019",NA,NA,NA,"",8,"ft2",NA,NA,NA,NA,NA,"08CED2898_19",NA,"N",NA,"Y",NA,"Solid/Sediment","Freshwater Taxonomy",NA,"SURBER",NA,NA,NA,NA,NA,43.33,"Number of Individual Organisms",NA,43830,"U",NA,1,"Count",NA,NA,NA,NA,NA,NA,NA,NA,NA,NA,"ID-COUNT-LEVEL2","","08CED2898_19",NA,"Rhithron Associates Inc, Missoula MT",NA,"Orthocladiinae",128457,NA,"Larva",NA,NA,NA,NA
"64","Ambient Monitoring","08CED2898","08CED2898","Sample","GovLocal","8/1/2019",NA,NA,NA,"",8,"ft2",NA,NA,NA,NA,NA,"08CED2898_19",NA,"N",NA,"Y",NA,"Solid/Sediment","Freshwater Taxonomy",NA,"SURBER",NA,NA,NA,NA,NA,43.33,"Number of Individual Organisms",NA,43830,"U",NA,1,"Count",NA,NA,NA,NA,NA,NA,NA,NA,NA,NA,"ID-COUNT-LEVEL2","Orthocladiinae Genus 5 (Coffman and Ferrington)","08CED2898_19",NA,"Rhithron Associates Inc, Missoula MT",NA,"Orthocladiinae",128457,NA,"Larva",NA,NA,NA,NA
"65","Ambient Monitoring","08CED2898","08CED2898","Sample","GovLocal","8/10/2017",NA,NA,NA,"",8,"ft2",NA,NA,NA,NA,NA,"08CED2898_17",NA,"N",NA,"Y",NA,"Solid/Sediment","Freshwater Taxonomy",NA,"SURBER",NA,NA,NA,NA,NA,100,"Number of Individual Organisms",NA,43100,"U",NA,2,"Count",NA,NA,NA,NA,NA,NA,NA,NA,NA,NA,"ID-COUNT-LEVEL2","","08CED2898_17",NA,"Rhithron Associates Inc, Missoula MT",NA,"Orthocladiinae",128457,NA,"Larva",NA,NA,NA,NA
"66","Ambient Monitoring","08CED2898","08CED2898","Sample","GovLocal","8/10/2017",NA,NA,NA,"",8,"ft2",NA,NA,NA,NA,NA,"08CED2898_17",NA,"N",NA,"Y",NA,"Solid/Sediment","Freshwater Taxonomy",NA,"SURBER",NA,NA,NA,NA,NA,100,"Number of Individual Organisms",NA,43100,"U",NA,10,"Count",NA,NA,NA,NA,NA,NA,NA,NA,NA,NA,"ID-COUNT-LEVEL2","Orthocladiinae Genus 5 (Coffman and Ferrington)","08CED2898_17",NA,"Rhithron Associates Inc, Missoula MT",NA,"Orthocladiinae",128457,NA,"Larva",NA,NA,NA,NA
"67","Ambient Monitoring","08CED5046","08CED5046","Sample","GovLocal","8/3/2016",NA,NA,NA,"u/s of bridge. Saw a brown tailed frog. Sample 08CED5046_16_R is a QC replicate of 08CED5046_16.",8,"ft2",NA,NA,NA,NA,NA,"08CED5046_16_R",NA,"Y",NA,"Y",NA,"Solid/Sediment","Freshwater Taxonomy",NA,"SURBER",NA,NA,NA,NA,NA,93.33,"Number of Individual Organisms",NA,42735,"U",NA,2,"Count",NA,NA,NA,NA,NA,NA,NA,NA,NA,NA,"ID-COUNT-LEVEL2","","08CED5046_16_R",NA,"Rhithron Associates Inc, Missoula MT",NA,"Baetis",100800,NA,"Larva",NA,NA,NA,NA
"68","Ambient Monitoring","08CED5046","08CED5046","Sample","GovLocal","8/3/2016",NA,NA,NA,"u/s of bridge. Saw a brown tailed frog. Sample 08CED5046_16_R is a QC replicate of 08CED5046_16.",8,"ft2",NA,NA,NA,NA,NA,"08CED5046_16_R",NA,"Y",NA,"Y",NA,"Solid/Sediment","Freshwater Taxonomy",NA,"SURBER",NA,NA,NA,NA,NA,93.33,"Number of Individual Organisms",NA,42735,"U",NA,60,"Count",NA,NA,NA,NA,NA,NA,NA,NA,NA,NA,"ID-COUNT-LEVEL2","","08CED5046_16_R",NA,"Rhithron Associates Inc, Missoula MT",NA,"Baetis",100800,NA,"Larva",NA,NA,NA,NA
"69","Ambient Monitoring","08EAS2058","08EAS2058","Sample","GovLocal","8/14/2018",NA,NA,NA,"Road construction u/s of top riffle.",8,"ft2",NA,NA,NA,NA,NA,"08EAS2058_18",NA,"N",NA,"Y",NA,"Solid/Sediment","Freshwater Taxonomy",NA,"SURBER",NA,NA,NA,NA,NA,13.33,"Number of Individual Organisms",NA,43465,"U",NA,2,"Count",NA,NA,NA,NA,NA,NA,NA,NA,NA,NA,"ID-COUNT-LEVEL2","","08EAS2058_18",NA,"Rhithron Associates Inc, Missoula MT",NA,"Orthocladiinae",128457,NA,"Larva",NA,NA,NA,NA
"70","Ambient Monitoring","08EAS2058","08EAS2058","Sample","GovLocal","8/14/2018",NA,NA,NA,"Road construction u/s of top riffle.",8,"ft2",NA,NA,NA,NA,NA,"08EAS2058_18",NA,"N",NA,"Y",NA,"Solid/Sediment","Freshwater Taxonomy",NA,"SURBER",NA,NA,NA,NA,NA,13.33,"Number of Individual Organisms",NA,43465,"U",NA,1,"Count",NA,NA,NA,NA,NA,NA,NA,NA,NA,NA,"ID-COUNT-LEVEL2","","08EAS2058_18",NA,"Rhithron Associates Inc, Missoula MT",NA,"Orthocladiinae",128457,NA,"Larva",NA,NA,NA,NA
"71","Ambient Monitoring","08BEA3474","08BEA3474","Sample","GovLocal","7/17/2019",NA,NA,NA,"",8,"ft2",NA,NA,NA,NA,NA,"08BEA3474_19",NA,"N",NA,"Y",NA,"Solid/Sediment","Freshwater Taxonomy",NA,"SURBER",NA,NA,NA,NA,NA,0.83,"Number of Individual Organisms",NA,43830,"U",NA,10,"Count",NA,NA,NA,NA,NA,NA,NA,NA,NA,NA,"ID-COUNT-LEVEL2","","08BEA3474_19",NA,"Rhithron Associates Inc, Missoula MT",NA,"Orthocladiinae",128457,NA,"Larva",NA,NA,NA,NA
"72","Ambient Monitoring","08BEA3474","08BEA3474","Sample","GovLocal","7/17/2019",NA,NA,NA,"",8,"ft2",NA,NA,NA,NA,NA,"08BEA3474_19",NA,"N",NA,"Y",NA,"Solid/Sediment","Freshwater Taxonomy",NA,"SURBER",NA,NA,NA,NA,NA,0.83,"Number of Individual Organisms",NA,43830,"U",NA,14,"Count",NA,NA,NA,NA,NA,NA,NA,NA,NA,NA,"ID-COUNT-LEVEL2","","08BEA3474_19",NA,"Rhithron Associates Inc, Missoula MT",NA,"Orthocladiinae",128457,NA,"Larva",NA,NA,NA,NA
"73","Ambient Monitoring","08BEA3826","08BEA3826","Sample","GovLocal","8/20/2020",NA,NA,NA,"",8,"ft2",NA,NA,NA,NA,NA,"08BEA3826_20",NA,"N",NA,"Y",NA,"Solid/Sediment","Freshwater Taxonomy",NA,"SURBER",NA,NA,NA,NA,NA,10,"Number of Individual Organisms",NA,44196,"U",NA,2,"Count",NA,NA,NA,NA,NA,NA,NA,NA,NA,NA,"ID-COUNT-LEVEL2","","08BEA3826_20",NA,"Rhithron Associates Inc, Missoula MT",NA,"Orthocladiinae",128457,NA,"Larva",NA,NA,NA,NA
"74","Ambient Monitoring","08BEA3826","08BEA3826","Sample","GovLocal","8/20/2020",NA,NA,NA,"",8,"ft2",NA,NA,NA,NA,NA,"08BEA3826_20",NA,"N",NA,"Y",NA,"Solid/Sediment","Freshwater Taxonomy",NA,"SURBER",NA,NA,NA,NA,NA,10,"Number of Individual Organisms",NA,44196,"U",NA,1,"Count",NA,NA,NA,NA,NA,NA,NA,NA,NA,NA,"ID-COUNT-LEVEL2","","08BEA3826_20",NA,"Rhithron Associates Inc, Missoula MT",NA,"Orthocladiinae",128457,NA,"Larva",NA,NA,NA,NA
"75","Ambient Monitoring","08LAK3627","08LAK3627","Sample","GovLocal","9/23/2019",NA,NA,NA,"",8,"ft2",NA,NA,NA,NA,NA,"08LAK3627_19",NA,"N",NA,"Y",NA,"Solid/Sediment","Freshwater Taxonomy",NA,"SURBER",NA,NA,NA,NA,NA,16.67,"Number of Individual Organisms",NA,43830,"U",NA,2,"Count",NA,NA,NA,NA,NA,NA,NA,NA,NA,NA,"ID-COUNT-LEVEL2","","08LAK3627_19",NA,"Rhithron Associates Inc, Missoula MT",NA,"Orthocladiinae",128457,NA,"Larva",NA,NA,NA,NA
"76","Ambient Monitoring","08LAK3627","08LAK3627","Sample","GovLocal","9/23/2019",NA,NA,NA,"",8,"ft2",NA,NA,NA,NA,NA,"08LAK3627_19",NA,"N",NA,"Y",NA,"Solid/Sediment","Freshwater Taxonomy",NA,"SURBER",NA,NA,NA,NA,NA,16.67,"Number of Individual Organisms",NA,43830,"U",NA,1,"Count",NA,NA,NA,NA,NA,NA,NA,NA,NA,NA,"ID-COUNT-LEVEL2","","08LAK3627_19",NA,"Rhithron Associates Inc, Missoula MT",NA,"Orthocladiinae",128457,NA,"Larva",NA,NA,NA,NA
"77","Ambient Monitoring","08LAK3880","08LAK3880","Sample","GovLocal","7/15/2024",NA,NA,NA,"",8,"ft2",NA,NA,NA,NA,NA,"08LAK3880_24",NA,"N",NA,"Y",NA,"Solid/Sediment","Freshwater Taxonomy",NA,"SURBER",NA,NA,NA,NA,NA,60,"Number of Individual Organisms",NA,45657,"U",NA,6,"Count",NA,NA,NA,NA,NA,NA,NA,NA,NA,NA,"ID-COUNT-LEVEL2","","08LAK3880_24",NA,"Rhithron Associates Inc, Missoula MT",NA,"Orthocladiinae",128457,NA,"Larva",NA,NA,NA,NA
"78","Ambient Monitoring","08LAK3880","08LAK3880","Sample","GovLocal","7/15/2024",NA,NA,NA,"",8,"ft2",NA,NA,NA,NA,NA,"08LAK3880_24",NA,"N",NA,"Y",NA,"Solid/Sediment","Freshwater Taxonomy",NA,"SURBER",NA,NA,NA,NA,NA,60,"Number of Individual Organisms",NA,45657,"U",NA,1,"Count",NA,NA,NA,NA,NA,NA,NA,NA,NA,NA,"ID-COUNT-LEVEL2","","08LAK3880_24",NA,"Rhithron Associates Inc, Missoula MT",NA,"Orthocladiinae",128457,NA,"Pupa",NA,NA,NA,NA
"79","Ambient Monitoring","08LAK3880","08LAK3880","Sample","GovLocal","7/15/2024",NA,NA,NA,"",8,"ft2",NA,NA,NA,NA,NA,"08LAK3880_24",NA,"N",NA,"Y",NA,"Solid/Sediment","Freshwater Taxonomy",NA,"SURBER",NA,NA,NA,NA,NA,60,"Number of Individual Organisms",NA,45657,"U",NA,20,"Count",NA,NA,NA,NA,NA,NA,NA,NA,NA,NA,"ID-COUNT-LEVEL2","Orthocladiinae Genus 5 (Coffman and Ferrington)","08LAK3880_24",NA,"Rhithron Associates Inc, Missoula MT",NA,"Orthocladiinae",128457,NA,"Larva",NA,NA,NA,NA
"80","Ambient Monitoring","08LAK3880","08LAK3880","Sample","GovLocal","7/15/2024",NA,NA,NA,"",8,"ft2",NA,NA,NA,NA,NA,"08LAK3880_24",NA,"N",NA,"Y",NA,"Solid/Sediment","Freshwater Taxonomy",NA,"SURBER",NA,NA,NA,NA,NA,60,"Number of Individual Organisms",NA,45657,"U",NA,3,"Count",NA,NA,NA,NA,NA,NA,NA,NA,NA,NA,"ID-COUNT-LEVEL2","Orthocladiinae Genus 5 (Coffman and Ferrington)","08LAK3880_24",NA,"Rhithron Associates Inc, Missoula MT",NA,"Orthocladiinae",128457,NA,"Pupa",NA,NA,NA,NA
"81","Ambient Monitoring","08LAK3880","08LAK3880","Sample","GovLocal","9/13/2023",NA,NA,NA,"",8,"ft2",NA,NA,NA,NA,NA,"08LAK3880_23",NA,"N",NA,"Y",NA,"Solid/Sediment","Freshwater Taxonomy",NA,"SURBER",NA,NA,NA,NA,NA,100,"Number of Individual Organisms",NA,45291,"U",NA,1,"Count",NA,NA,NA,NA,NA,NA,NA,NA,NA,NA,"ID-COUNT-LEVEL2","","08LAK3880_23",NA,"Rhithron Associates Inc, Missoula MT",NA,"Orthocladiinae",128457,NA,"Larva",NA,NA,NA,NA
"82","Ambient Monitoring","08LAK3880","08LAK3880","Sample","GovLocal","9/13/2023",NA,NA,NA,"",8,"ft2",NA,NA,NA,NA,NA,"08LAK3880_23",NA,"N",NA,"Y",NA,"Solid/Sediment","Freshwater Taxonomy",NA,"SURBER",NA,NA,NA,NA,NA,100,"Number of Individual Organisms",NA,45291,"U",NA,1,"Count",NA,NA,NA,NA,NA,NA,NA,NA,NA,NA,"ID-COUNT-LEVEL2","","08LAK3880_23",NA,"Rhithron Associates Inc, Missoula MT",NA,"Orthocladiinae",128457,NA,"Larva",NA,NA,NA,NA
"83","Ambient Monitoring","08EVA3637","08EVA3637","Sample","GovLocal","8/20/2020",NA,NA,NA,"",8,"ft2",NA,NA,NA,NA,NA,"08EVA3637_20",NA,"N",NA,"Y",NA,"Solid/Sediment","Freshwater Taxonomy",NA,"SURBER",NA,NA,NA,NA,NA,40,"Number of Individual Organisms",NA,44196,"U",NA,3,"Count",NA,NA,NA,NA,NA,NA,NA,NA,NA,NA,"ID-COUNT-LEVEL2","","08EVA3637_20",NA,"Rhithron Associates Inc, Missoula MT",NA,"Orthocladiinae",128457,NA,"Larva",NA,NA,NA,NA
"84","Ambient Monitoring","08EVA3637","08EVA3637","Sample","GovLocal","8/20/2020",NA,NA,NA,"",8,"ft2",NA,NA,NA,NA,NA,"08EVA3637_20",NA,"N",NA,"Y",NA,"Solid/Sediment","Freshwater Taxonomy",NA,"SURBER",NA,NA,NA,NA,NA,40,"Number of Individual Organisms",NA,44196,"U",NA,1,"Count",NA,NA,NA,NA,NA,NA,NA,NA,NA,NA,"ID-COUNT-LEVEL2","Orthocladiinae Genus 5 (Coffman and Ferrington)","08EVA3637_20",NA,"Rhithron Associates Inc, Missoula MT",NA,"Orthocladiinae",128457,NA,"Larva",NA,NA,NA,NA
"85","Ambient Monitoring","08ISS4573","08ISS4573","Sample","GovLocal","8/1/2018",NA,NA,NA,"Sulfur smell.",8,"ft2",NA,NA,NA,NA,NA,"08ISS4573_18",NA,"N",NA,"Y",NA,"Solid/Sediment","Freshwater Taxonomy",NA,"SURBER",NA,NA,NA,NA,NA,20,"Number of Individual Organisms",NA,43465,"U",NA,1,"Count",NA,NA,NA,NA,NA,NA,NA,NA,NA,NA,"ID-COUNT-LEVEL2","","08ISS4573_18",NA,"Rhithron Associates Inc, Missoula MT",NA,"Orthocladiinae",128457,NA,"Larva",NA,NA,NA,NA
"86","Ambient Monitoring","08ISS4573","08ISS4573","Sample","GovLocal","8/1/2018",NA,NA,NA,"Sulfur smell.",8,"ft2",NA,NA,NA,NA,NA,"08ISS4573_18",NA,"N",NA,"Y",NA,"Solid/Sediment","Freshwater Taxonomy",NA,"SURBER",NA,NA,NA,NA,NA,20,"Number of Individual Organisms",NA,43465,"U",NA,2,"Count",NA,NA,NA,NA,NA,NA,NA,NA,NA,NA,"ID-COUNT-LEVEL2","","08ISS4573_18",NA,"Rhithron Associates Inc, Missoula MT",NA,"Orthocladiinae",128457,NA,"Pupa",NA,NA,NA,NA
"87","Ambient Monitoring","08ISS4573","08ISS4573","Sample","GovLocal","8/1/2018",NA,NA,NA,"Sulfur smell.",8,"ft2",NA,NA,NA,NA,NA,"08ISS4573_18",NA,"N",NA,"Y",NA,"Solid/Sediment","Freshwater Taxonomy",NA,"SURBER",NA,NA,NA,NA,NA,20,"Number of Individual Organisms",NA,43465,"U",NA,11,"Count",NA,NA,NA,NA,NA,NA,NA,NA,NA,NA,"ID-COUNT-LEVEL2","Orthocladiinae Genus 5 (Coffman and Ferrington)","08ISS4573_18",NA,"Rhithron Associates Inc, Missoula MT",NA,"Orthocladiinae",128457,NA,"Larva",NA,NA,NA,NA
"88","Ambient Monitoring","08ISS4573","08ISS4573","Sample","GovLocal","8/1/2018",NA,NA,NA,"Sulfur smell.",8,"ft2",NA,NA,NA,NA,NA,"08ISS4573_18",NA,"N",NA,"Y",NA,"Solid/Sediment","Freshwater Taxonomy",NA,"SURBER",NA,NA,NA,NA,NA,20,"Number of Individual Organisms",NA,43465,"U",NA,2,"Count",NA,NA,NA,NA,NA,NA,NA,NA,NA,NA,"ID-COUNT-LEVEL2","Orthocladiinae Genus 5 (Coffman and Ferrington)","08ISS4573_18",NA,"Rhithron Associates Inc, Missoula MT",NA,"Orthocladiinae",128457,NA,"Pupa",NA,NA,NA,NA
"89","Ambient Monitoring","08ISS4730","08ISS4730","Sample","GovLocal","7/29/2019",NA,NA,NA,"",8,"ft2",NA,NA,NA,NA,NA,"08ISS4730_19",NA,"N",NA,"Y",NA,"Solid/Sediment","Freshwater Taxonomy",NA,"SURBER",NA,NA,NA,NA,NA,70,"Number of Individual Organisms",NA,43830,"U",NA,1,"Count",NA,NA,NA,NA,NA,NA,NA,NA,NA,NA,"ID-COUNT-LEVEL2","","08ISS4730_19",NA,"Rhithron Associates Inc, Missoula MT",NA,"Orthocladiinae",128457,NA,"Larva",NA,NA,NA,NA
"90","Ambient Monitoring","08ISS4730","08ISS4730","Sample","GovLocal","7/29/2019",NA,NA,NA,"",8,"ft2",NA,NA,NA,NA,NA,"08ISS4730_19",NA,"N",NA,"Y",NA,"Solid/Sediment","Freshwater Taxonomy",NA,"SURBER",NA,NA,NA,NA,NA,70,"Number of Individual Organisms",NA,43830,"U",NA,2,"Count",NA,NA,NA,NA,NA,NA,NA,NA,NA,NA,"ID-COUNT-LEVEL2","","08ISS4730_19",NA,"Rhithron Associates Inc, Missoula MT",NA,"Orthocladiinae",128457,NA,"Larva",NA,NA,NA,NA
"91","Ambient Monitoring","08ISS4735","08ISS4735","Sample","GovLocal","8/10/2022",NA,NA,NA,"",8,"ft2",NA,NA,NA,NA,NA,"08ISS4735_22",NA,"N",NA,"Y",NA,"Solid/Sediment","Freshwater Taxonomy",NA,"SURBER",NA,NA,NA,NA,NA,100,"Number of Individual Organisms",NA,44926,"U",NA,1,"Count",NA,NA,NA,NA,NA,NA,NA,NA,NA,NA,"ID-COUNT-LEVEL2","","08ISS4735_22",NA,"Rhithron Associates Inc, Missoula MT",NA,"Orthocladiinae",128457,NA,"Larva",NA,NA,NA,NA
"92","Ambient Monitoring","08ISS4735","08ISS4735","Sample","GovLocal","8/10/2022",NA,NA,NA,"",8,"ft2",NA,NA,NA,NA,NA,"08ISS4735_22",NA,"N",NA,"Y",NA,"Solid/Sediment","Freshwater Taxonomy",NA,"SURBER",NA,NA,NA,NA,NA,100,"Number of Individual Organisms",NA,44926,"U",NA,2,"Count",NA,NA,NA,NA,NA,NA,NA,NA,NA,NA,"ID-COUNT-LEVEL2","","08ISS4735_22",NA,"Rhithron Associates Inc, Missoula MT",NA,"Orthocladiinae",128457,NA,"Larva",NA,NA,NA,NA
"93","Ambient Monitoring","08NOR2306","08NOR2306","Sample","GovLocal","8/18/2022",NA,NA,NA,"",8,"ft2",NA,NA,NA,NA,NA,"08NOR2306_22",NA,"N",NA,"Y",NA,"Solid/Sediment","Freshwater Taxonomy",NA,"SURBER",NA,NA,NA,NA,NA,20,"Number of Individual Organisms",NA,44926,"U",NA,2,"Count",NA,NA,NA,NA,NA,NA,NA,NA,NA,NA,"ID-COUNT-LEVEL2","","08NOR2306_22",NA,"Rhithron Associates Inc, Missoula MT",NA,"Orthocladiinae",128457,NA,"Larva",NA,NA,NA,NA
"94","Ambient Monitoring","08NOR2306","08NOR2306","Sample","GovLocal","8/18/2022",NA,NA,NA,"",8,"ft2",NA,NA,NA,NA,NA,"08NOR2306_22",NA,"N",NA,"Y",NA,"Solid/Sediment","Freshwater Taxonomy",NA,"SURBER",NA,NA,NA,NA,NA,20,"Number of Individual Organisms",NA,44926,"U",NA,4,"Count",NA,NA,NA,NA,NA,NA,NA,NA,NA,NA,"ID-COUNT-LEVEL2","","08NOR2306_22",NA,"Rhithron Associates Inc, Missoula MT",NA,"Orthocladiinae",128457,NA,"Larva",NA,NA,NA,NA
"95","Ambient Monitoring","08SAM3045","08SAM3045","Sample","GovLocal","8/23/2023",NA,NA,NA,"",8,"ft2",NA,NA,NA,NA,NA,"08SAM3045_23",NA,"N",NA,"Y",NA,"Solid/Sediment","Freshwater Taxonomy",NA,"SURBER",NA,NA,NA,NA,NA,100,"Number of Individual Organisms",NA,45291,"U",NA,1,"Count",NA,NA,NA,NA,NA,NA,NA,NA,NA,NA,"ID-COUNT-LEVEL2","","08SAM3045_23",NA,"Rhithron Associates Inc, Missoula MT",NA,"Orthocladiinae",128457,NA,"Pupa",NA,NA,NA,NA
"96","Ambient Monitoring","08SAM3045","08SAM3045","Sample","GovLocal","8/23/2023",NA,NA,NA,"",8,"ft2",NA,NA,NA,NA,NA,"08SAM3045_23",NA,"N",NA,"Y",NA,"Solid/Sediment","Freshwater Taxonomy",NA,"SURBER",NA,NA,NA,NA,NA,100,"Number of Individual Organisms",NA,45291,"U",NA,1,"Count",NA,NA,NA,NA,NA,NA,NA,NA,NA,NA,"ID-COUNT-LEVEL2","Orthocladiinae Genus 5 (Coffman and Ferrington)","08SAM3045_23",NA,"Rhithron Associates Inc, Missoula MT",NA,"Orthocladiinae",128457,NA,"Pupa",NA,NA,NA,NA
"97","Ambient Monitoring","08SAM3045","08SAM3045","Sample","GovLocal","9/30/2020",NA,NA,NA,"",8,"ft2",NA,NA,NA,NA,NA,"08SAM3045_20",NA,"N",NA,"Y",NA,"Solid/Sediment","Freshwater Taxonomy",NA,"SURBER",NA,NA,NA,NA,NA,73.33,"Number of Individual Organisms",NA,44196,"U",NA,2,"Count",NA,NA,NA,NA,NA,NA,NA,NA,NA,NA,"ID-COUNT-LEVEL2","","08SAM3045_20",NA,"Rhithron Associates Inc, Missoula MT",NA,"Orthocladiinae",128457,NA,"Larva",NA,NA,NA,NA
"98","Ambient Monitoring","08SAM3045","08SAM3045","Sample","GovLocal","9/30/2020",NA,NA,NA,"",8,"ft2",NA,NA,NA,NA,NA,"08SAM3045_20",NA,"N",NA,"Y",NA,"Solid/Sediment","Freshwater Taxonomy",NA,"SURBER",NA,NA,NA,NA,NA,73.33,"Number of Individual Organisms",NA,44196,"U",NA,4,"Count",NA,NA,NA,NA,NA,NA,NA,NA,NA,NA,"ID-COUNT-LEVEL2","Orthocladiinae Genus 5 (Coffman and Ferrington)","08SAM3045_20",NA,"Rhithron Associates Inc, Missoula MT",NA,"Orthocladiinae",128457,NA,"Larva",NA,NA,NA,NA
"99","Ambient Monitoring","08SAM3045","08SAM3045","Sample","GovLocal","8/5/2015",NA,NA,NA,"",8,"ft2",NA,NA,NA,NA,NA,"08SAM3045_15",NA,"N",NA,"Y",NA,"Solid/Sediment","Freshwater Taxonomy",NA,"SURBER",NA,NA,NA,NA,NA,73.33,"Number of Individual Organisms",NA,42369,"U",NA,1,"Count",NA,NA,NA,NA,NA,NA,NA,NA,NA,NA,"ID-COUNT-LEVEL2","","08SAM3045_15",NA,"Rhithron Associates Inc, Missoula MT",NA,"Orthocladiinae",128457,NA,"Larva",NA,NA,NA,NA
"100","Ambient Monitoring","08SAM3045","08SAM3045","Sample","GovLocal","8/5/2015",NA,NA,NA,"",8,"ft2",NA,NA,NA,NA,NA,"08SAM3045_15",NA,"N",NA,"Y",NA,"Solid/Sediment","Freshwater Taxonomy",NA,"SURBER",NA,NA,NA,NA,NA,73.33,"Number of Individual Organisms",NA,42369,"U",NA,4,"Count",NA,NA,NA,NA,NA,NA,NA,NA,NA,NA,"ID-COUNT-LEVEL2","Orthocladiinae Genus 5 (Coffman and Ferrington)","08SAM3045_15",NA,"Rhithron Associates Inc, Missoula MT",NA,"Orthocladiinae",128457,NA,"Larva",NA,NA,NA,NA
"101","Ambient Monitoring","08SAM2674","08SAM2674","Sample","GovLocal","9/16/2024",NA,NA,NA,"",8,"ft2",NA,NA,NA,NA,NA,"08SAM2674_24",NA,"N",NA,"Y",NA,"Solid/Sediment","Freshwater Taxonomy",NA,"SURBER",NA,NA,NA,NA,NA,30,"Number of Individual Organisms",NA,45657,"U",NA,1,"Count",NA,NA,NA,NA,NA,NA,NA,NA,NA,NA,"ID-COUNT-LEVEL2","","08SAM2674_24",NA,"Rhithron Associates Inc, Missoula MT",NA,"Orthocladiinae",128457,NA,"Pupa",NA,NA,NA,NA
"102","Ambient Monitoring","08SAM2674","08SAM2674","Sample","GovLocal","9/16/2024",NA,NA,NA,"",8,"ft2",NA,NA,NA,NA,NA,"08SAM2674_24",NA,"N",NA,"Y",NA,"Solid/Sediment","Freshwater Taxonomy",NA,"SURBER",NA,NA,NA,NA,NA,30,"Number of Individual Organisms",NA,45657,"U",NA,1,"Count",NA,NA,NA,NA,NA,NA,NA,NA,NA,NA,"ID-COUNT-LEVEL2","Orthocladiinae Genus 5 (Coffman and Ferrington)","08SAM2674_24",NA,"Rhithron Associates Inc, Missoula MT",NA,"Orthocladiinae",128457,NA,"Pupa",NA,NA,NA,NA
"103","Ambient Monitoring","08SAM2674","08SAM2674","Sample","GovLocal","8/26/2021",NA,NA,NA,"",8,"ft2",NA,NA,NA,NA,NA,"08SAM2674_21",NA,"N",NA,"Y",NA,"Solid/Sediment","Freshwater Taxonomy",NA,"SURBER",NA,NA,NA,NA,NA,43.33,"Number of Individual Organisms",NA,44561,"U",NA,1,"Count",NA,NA,NA,NA,NA,NA,NA,NA,NA,NA,"ID-COUNT-LEVEL2","","08SAM2674_21",NA,"Rhithron Associates Inc, Missoula MT",NA,"Orthocladiinae",128457,NA,"Larva",NA,NA,NA,NA
"104","Ambient Monitoring","08SAM2674","08SAM2674","Sample","GovLocal","8/26/2021",NA,NA,NA,"",8,"ft2",NA,NA,NA,NA,NA,"08SAM2674_21",NA,"N",NA,"Y",NA,"Solid/Sediment","Freshwater Taxonomy",NA,"SURBER",NA,NA,NA,NA,NA,43.33,"Number of Individual Organisms",NA,44561,"U",NA,5,"Count",NA,NA,NA,NA,NA,NA,NA,NA,NA,NA,"ID-COUNT-LEVEL2","","08SAM2674_21",NA,"Rhithron Associates Inc, Missoula MT",NA,"Orthocladiinae",128457,NA,"Larva",NA,NA,NA,NA
"105","Ambient Monitoring","08SAM2674","08SAM2674","Sample","GovLocal","8/26/2021",NA,NA,NA,"",8,"ft2",NA,NA,NA,NA,NA,"08SAM2674_21",NA,"N",NA,"Y",NA,"Solid/Sediment","Freshwater Taxonomy",NA,"SURBER",NA,NA,NA,NA,NA,43.33,"Number of Individual Organisms",NA,44561,"U",NA,86,"Count",NA,NA,NA,NA,NA,NA,NA,NA,NA,NA,"ID-COUNT-LEVEL2","Orthocladiinae Genus 5 (Coffman and Ferrington)","08SAM2674_21",NA,"Rhithron Associates Inc, Missoula MT",NA,"Orthocladiinae",128457,NA,"Larva",NA,NA,NA,NA
"106","Ambient Monitoring","08SAM2674","08SAM2674","Sample","GovLocal","8/6/2019",NA,NA,NA,"",8,"ft2",NA,NA,NA,NA,NA,"08SAM2674_19",NA,"N",NA,"Y",NA,"Solid/Sediment","Freshwater Taxonomy",NA,"SURBER",NA,NA,NA,NA,NA,33.33,"Number of Individual Organisms",NA,43830,"U",NA,3,"Count",NA,NA,NA,NA,NA,NA,NA,NA,NA,NA,"ID-COUNT-LEVEL2","","08SAM2674_19",NA,"Rhithron Associates Inc, Missoula MT",NA,"Orthocladiinae",128457,NA,"Pupa",NA,NA,NA,NA
"107","Ambient Monitoring","08SAM2674","08SAM2674","Sample","GovLocal","8/6/2019",NA,NA,NA,"",8,"ft2",NA,NA,NA,NA,NA,"08SAM2674_19",NA,"N",NA,"Y",NA,"Solid/Sediment","Freshwater Taxonomy",NA,"SURBER",NA,NA,NA,NA,NA,33.33,"Number of Individual Organisms",NA,43830,"U",NA,1,"Count",NA,NA,NA,NA,NA,NA,NA,NA,NA,NA,"ID-COUNT-LEVEL2","Orthocladiinae Genus 5 (Coffman and Ferrington)","08SAM2674_19",NA,"Rhithron Associates Inc, Missoula MT",NA,"Orthocladiinae",128457,NA,"Pupa",NA,NA,NA,NA
"108","Ambient Monitoring","08SAM2674","08SAM2674","Sample","GovLocal","8/27/2015",NA,NA,NA,"",8,"ft2",NA,NA,NA,NA,NA,"08SAM2674_15",NA,"N",NA,"Y",NA,"Solid/Sediment","Freshwater Taxonomy",NA,"SURBER",NA,NA,NA,NA,NA,56.67,"Number of Individual Organisms",NA,42369,"U",NA,1,"Count",NA,NA,NA,NA,NA,NA,NA,NA,NA,NA,"ID-COUNT-LEVEL2","","08SAM2674_15",NA,"Rhithron Associates Inc, Missoula MT",NA,"Orthocladiinae",128457,NA,"Pupa",NA,NA,NA,NA
"109","Ambient Monitoring","08SAM2674","08SAM2674","Sample","GovLocal","8/27/2015",NA,NA,NA,"",8,"ft2",NA,NA,NA,NA,NA,"08SAM2674_15",NA,"N",NA,"Y",NA,"Solid/Sediment","Freshwater Taxonomy",NA,"SURBER",NA,NA,NA,NA,NA,56.67,"Number of Individual Organisms",NA,42369,"U",NA,2,"Count",NA,NA,NA,NA,NA,NA,NA,NA,NA,NA,"ID-COUNT-LEVEL2","Orthocladiinae Genus 5 (Coffman and Ferrington)","08SAM2674_15",NA,"Rhithron Associates Inc, Missoula MT",NA,"Orthocladiinae",128457,NA,"Pupa",NA,NA,NA,NA
"110","Ambient Monitoring","09BLA0768","09BLA0768","Sample","GovLocal","8/28/2019",NA,NA,NA,"",8,"ft2",NA,NA,NA,NA,NA,"09BLA0768_19",NA,"N",NA,"Y",NA,"Solid/Sediment","Freshwater Taxonomy",NA,"SURBER",NA,NA,NA,NA,NA,30,"Number of Individual Organisms",NA,43830,"U",NA,1,"Count",NA,NA,NA,NA,NA,NA,NA,NA,NA,NA,"ID-COUNT-LEVEL2","","09BLA0768_19",NA,"Rhithron Associates Inc, Missoula MT",NA,"Orthocladiinae",128457,NA,"Larva",NA,NA,NA,NA
"111","Ambient Monitoring","09BLA0768","09BLA0768","Sample","GovLocal","8/28/2019",NA,NA,NA,"",8,"ft2",NA,NA,NA,NA,NA,"09BLA0768_19",NA,"N",NA,"Y",NA,"Solid/Sediment","Freshwater Taxonomy",NA,"SURBER",NA,NA,NA,NA,NA,30,"Number of Individual Organisms",NA,43830,"U",NA,1,"Count",NA,NA,NA,NA,NA,NA,NA,NA,NA,NA,"ID-COUNT-LEVEL2","","09BLA0768_19",NA,"Rhithron Associates Inc, Missoula MT",NA,"Orthocladiinae",128457,NA,"Larva",NA,NA,NA,NA
"112","Ambient Monitoring","09DEE2208","09DEE2208","Sample","GovLocal","9/13/2023",NA,NA,NA,"",8,"ft2",NA,NA,NA,NA,NA,"09DEE2208_23",NA,"N",NA,"Y",NA,"Solid/Sediment","Freshwater Taxonomy",NA,"SURBER",NA,NA,NA,NA,NA,10,"Number of Individual Organisms",NA,45291,"U",NA,3,"Count",NA,NA,NA,NA,NA,NA,NA,NA,NA,NA,"ID-COUNT-LEVEL2","","09DEE2208_23",NA,"Rhithron Associates Inc, Missoula MT",NA,"Orthocladiinae",128457,NA,"Larva",NA,NA,NA,NA
"113","Ambient Monitoring","09DEE2208","09DEE2208","Sample","GovLocal","9/13/2023",NA,NA,NA,"",8,"ft2",NA,NA,NA,NA,NA,"09DEE2208_23",NA,"N",NA,"Y",NA,"Solid/Sediment","Freshwater Taxonomy",NA,"SURBER",NA,NA,NA,NA,NA,10,"Number of Individual Organisms",NA,45291,"U",NA,1,"Count",NA,NA,NA,NA,NA,NA,NA,NA,NA,NA,"ID-COUNT-LEVEL2","","09DEE2208_23",NA,"Rhithron Associates Inc, Missoula MT",NA,"Orthocladiinae",128457,NA,"Larva",NA,NA,NA,NA
"114","Ambient Monitoring","09COV1418","09COV1418","Sample","GovLocal","8/21/2024",NA,NA,NA,"",8,"ft2",NA,NA,NA,NA,NA,"09COV1418_24",NA,"N",NA,"Y",NA,"Solid/Sediment","Freshwater Taxonomy",NA,"SURBER",NA,NA,NA,NA,NA,10,"Number of Individual Organisms",NA,45657,"U",NA,4,"Count",NA,NA,NA,NA,NA,NA,NA,NA,NA,NA,"ID-COUNT-LEVEL2","","09COV1418_24",NA,"Rhithron Associates Inc, Missoula MT",NA,"Orthocladiinae",128457,NA,"Larva",NA,NA,NA,NA
"115","Ambient Monitoring","09COV1418","09COV1418","Sample","GovLocal","8/21/2024",NA,NA,NA,"",8,"ft2",NA,NA,NA,NA,NA,"09COV1418_24",NA,"N",NA,"Y",NA,"Solid/Sediment","Freshwater Taxonomy",NA,"SURBER",NA,NA,NA,NA,NA,10,"Number of Individual Organisms",NA,45657,"U",NA,23,"Count",NA,NA,NA,NA,NA,NA,NA,NA,NA,NA,"ID-COUNT-LEVEL2","","09COV1418_24",NA,"Rhithron Associates Inc, Missoula MT",NA,"Orthocladiinae",128457,NA,"Larva",NA,NA,NA,NA
"116","Ambient Monitoring","09COV1418","09COV1418","Sample","GovLocal","9/20/2022",NA,NA,NA,"",8,"ft2",NA,NA,NA,NA,NA,"09COV1418_22",NA,"N",NA,"Y",NA,"Solid/Sediment","Freshwater Taxonomy",NA,"SURBER",NA,NA,NA,NA,NA,6.67,"Number of Individual Organisms",NA,44926,"U",NA,12,"Count",NA,NA,NA,NA,NA,NA,NA,NA,NA,NA,"ID-COUNT-LEVEL2","","09COV1418_22",NA,"Rhithron Associates Inc, Missoula MT",NA,"Orthocladiinae",128457,NA,"Larva",NA,NA,NA,NA
"117","Ambient Monitoring","09COV1418","09COV1418","Sample","GovLocal","9/20/2022",NA,NA,NA,"",8,"ft2",NA,NA,NA,NA,NA,"09COV1418_22",NA,"N",NA,"Y",NA,"Solid/Sediment","Freshwater Taxonomy",NA,"SURBER",NA,NA,NA,NA,NA,6.67,"Number of Individual Organisms",NA,44926,"U",NA,6,"Count",NA,NA,NA,NA,NA,NA,NA,NA,NA,NA,"ID-COUNT-LEVEL2","","09COV1418_22",NA,"Rhithron Associates Inc, Missoula MT",NA,"Orthocladiinae",128457,NA,"Larva",NA,NA,NA,NA
"118","Ambient Monitoring","09COV1756","09COV1756","Sample","GovLocal","9/26/2024",NA,NA,NA,"",8,"ft2",NA,NA,NA,NA,NA,"09COV1756_24",NA,"N",NA,"Y",NA,"Solid/Sediment","Freshwater Taxonomy",NA,"SURBER",NA,NA,NA,NA,NA,6.67,"Number of Individual Organisms",NA,45657,"U",NA,1,"Count",NA,NA,NA,NA,NA,NA,NA,NA,NA,NA,"ID-COUNT-LEVEL2","","09COV1756_24",NA,"Rhithron Associates Inc, Missoula MT",NA,"Orthocladiinae",128457,NA,"Larva",NA,NA,NA,NA
"119","Ambient Monitoring","09COV1756","09COV1756","Sample","GovLocal","9/26/2024",NA,NA,NA,"",8,"ft2",NA,NA,NA,NA,NA,"09COV1756_24",NA,"N",NA,"Y",NA,"Solid/Sediment","Freshwater Taxonomy",NA,"SURBER",NA,NA,NA,NA,NA,6.67,"Number of Individual Organisms",NA,45657,"U",NA,1,"Count",NA,NA,NA,NA,NA,NA,NA,NA,NA,NA,"ID-COUNT-LEVEL2","","09COV1756_24",NA,"Rhithron Associates Inc, Missoula MT",NA,"Orthocladiinae",128457,NA,"Larva",NA,NA,NA,NA
"120","Ambient Monitoring","09DEE2211","09DEE2211","Sample","GovLocal","8/8/2024",NA,NA,NA,"",8,"ft2",NA,NA,NA,NA,NA,"09DEE2211_24",NA,"N",NA,"Y",NA,"Solid/Sediment","Freshwater Taxonomy",NA,"SURBER",NA,NA,NA,NA,NA,13.33,"Number of Individual Organisms",NA,45657,"U",NA,23,"Count",NA,NA,NA,NA,NA,NA,NA,NA,NA,NA,"ID-COUNT-LEVEL2","","09DEE2211_24",NA,"Rhithron Associates Inc, Missoula MT",NA,"Orthocladiinae",128457,NA,"Larva",NA,NA,NA,NA
"121","Ambient Monitoring","09DEE2211","09DEE2211","Sample","GovLocal","8/8/2024",NA,NA,NA,"",8,"ft2",NA,NA,NA,NA,NA,"09DEE2211_24",NA,"N",NA,"Y",NA,"Solid/Sediment","Freshwater Taxonomy",NA,"SURBER",NA,NA,NA,NA,NA,13.33,"Number of Individual Organisms",NA,45657,"U",NA,19,"Count",NA,NA,NA,NA,NA,NA,NA,NA,NA,NA,"ID-COUNT-LEVEL2","","09DEE2211_24",NA,"Rhithron Associates Inc, Missoula MT",NA,"Orthocladiinae",128457,NA,"Larva",NA,NA,NA,NA
"122","Ambient Monitoring","09DEE2211","09DEE2211","Sample","GovLocal","8/22/2023",NA,NA,NA,"",8,"ft2",NA,NA,NA,NA,NA,"09DEE2211_23",NA,"N",NA,"Y",NA,"Solid/Sediment","Freshwater Taxonomy",NA,"SURBER",NA,NA,NA,NA,NA,16.67,"Number of Individual Organisms",NA,45291,"U",NA,4,"Count",NA,NA,NA,NA,NA,NA,NA,NA,NA,NA,"ID-COUNT-LEVEL2","","09DEE2211_23",NA,"Rhithron Associates Inc, Missoula MT",NA,"Orthocladiinae",128457,NA,"Larva",NA,NA,NA,NA
"123","Ambient Monitoring","09DEE2211","09DEE2211","Sample","GovLocal","8/22/2023",NA,NA,NA,"",8,"ft2",NA,NA,NA,NA,NA,"09DEE2211_23",NA,"N",NA,"Y",NA,"Solid/Sediment","Freshwater Taxonomy",NA,"SURBER",NA,NA,NA,NA,NA,16.67,"Number of Individual Organisms",NA,45291,"U",NA,25,"Count",NA,NA,NA,NA,NA,NA,NA,NA,NA,NA,"ID-COUNT-LEVEL2","","09DEE2211_23",NA,"Rhithron Associates Inc, Missoula MT",NA,"Orthocladiinae",128457,NA,"Larva",NA,NA,NA,NA
"124","Ambient Monitoring","09DEE2211","09DEE2211","Sample","GovLocal","7/28/2021",NA,NA,NA,"",8,"ft2",NA,NA,NA,NA,NA,"09DEE2211_21",NA,"N",NA,"Y",NA,"Solid/Sediment","Freshwater Taxonomy",NA,"SURBER",NA,NA,NA,NA,NA,13.33,"Number of Individual Organisms",NA,44561,"U",NA,2,"Count",NA,NA,NA,NA,NA,NA,NA,NA,NA,NA,"ID-COUNT-LEVEL2","","09DEE2211_21",NA,"Rhithron Associates Inc, Missoula MT",NA,"Orthocladiinae",128457,NA,"Larva",NA,NA,NA,NA
"125","Ambient Monitoring","09DEE2211","09DEE2211","Sample","GovLocal","7/28/2021",NA,NA,NA,"",8,"ft2",NA,NA,NA,NA,NA,"09DEE2211_21",NA,"N",NA,"Y",NA,"Solid/Sediment","Freshwater Taxonomy",NA,"SURBER",NA,NA,NA,NA,NA,13.33,"Number of Individual Organisms",NA,44561,"U",NA,4,"Count",NA,NA,NA,NA,NA,NA,NA,NA,NA,NA,"ID-COUNT-LEVEL2","","09DEE2211_21",NA,"Rhithron Associates Inc, Missoula MT",NA,"Orthocladiinae",128457,NA,"Larva",NA,NA,NA,NA
"126","Ambient Monitoring","09MID1744","09MID1744","Sample","GovLocal","8/8/2023",NA,NA,NA,"",8,"ft2",NA,NA,NA,NA,NA,"09MID1744_23",NA,"N",NA,"Y",NA,"Solid/Sediment","Freshwater Taxonomy",NA,"SURBER",NA,NA,NA,NA,NA,36.67,"Number of Individual Organisms",NA,45291,"U",NA,1,"Count",NA,NA,NA,NA,NA,NA,NA,NA,NA,NA,"ID-COUNT-LEVEL2","","09MID1744_23",NA,"Rhithron Associates Inc, Missoula MT",NA,"Orthocladiinae",128457,NA,"Larva",NA,NA,NA,NA
"127","Ambient Monitoring","09MID1744","09MID1744","Sample","GovLocal","8/8/2023",NA,NA,NA,"",8,"ft2",NA,NA,NA,NA,NA,"09MID1744_23",NA,"N",NA,"Y",NA,"Solid/Sediment","Freshwater Taxonomy",NA,"SURBER",NA,NA,NA,NA,NA,36.67,"Number of Individual Organisms",NA,45291,"U",NA,1,"Count",NA,NA,NA,NA,NA,NA,NA,NA,NA,NA,"ID-COUNT-LEVEL2","Orthocladiinae Genus 5 (Coffman and Ferrington)","09MID1744_23",NA,"Rhithron Associates Inc, Missoula MT",NA,"Orthocladiinae",128457,NA,"Larva",NA,NA,NA,NA
"128","Ambient Monitoring","09MID1817","09MID1817","Sample","GovLocal","8/3/2020",NA,NA,NA,"",8,"ft2",NA,NA,NA,NA,NA,"09MID1817_20",NA,"N",NA,"Y",NA,"Solid/Sediment","Freshwater Taxonomy",NA,"SURBER",NA,NA,NA,NA,NA,60,"Number of Individual Organisms",NA,44196,"U",NA,1,"Count",NA,NA,NA,NA,NA,NA,NA,NA,NA,NA,"ID-COUNT-LEVEL2","","09MID1817_20",NA,"Rhithron Associates Inc, Missoula MT",NA,"Orthocladiinae",128457,NA,"Larva",NA,NA,NA,NA
"129","Ambient Monitoring","09MID1817","09MID1817","Sample","GovLocal","8/3/2020",NA,NA,NA,"",8,"ft2",NA,NA,NA,NA,NA,"09MID1817_20",NA,"N",NA,"Y",NA,"Solid/Sediment","Freshwater Taxonomy",NA,"SURBER",NA,NA,NA,NA,NA,60,"Number of Individual Organisms",NA,44196,"U",NA,2,"Count",NA,NA,NA,NA,NA,NA,NA,NA,NA,NA,"ID-COUNT-LEVEL2","","09MID1817_20",NA,"Rhithron Associates Inc, Missoula MT",NA,"Orthocladiinae",128457,NA,"Larva",NA,NA,NA,NA
"130","Ambient Monitoring","09MID1817","09MID1817","Sample","GovLocal","8/13/2019",NA,NA,NA,"",8,"ft2",NA,NA,NA,NA,NA,"09MID1817_19",NA,"N",NA,"Y",NA,"Solid/Sediment","Freshwater Taxonomy",NA,"SURBER",NA,NA,NA,NA,NA,36.67,"Number of Individual Organisms",NA,43830,"U",NA,3,"Count",NA,NA,NA,NA,NA,NA,NA,NA,NA,NA,"ID-COUNT-LEVEL2","","09MID1817_19",NA,"Rhithron Associates Inc, Missoula MT",NA,"Orthocladiinae",128457,NA,"Larva",NA,NA,NA,NA
"131","Ambient Monitoring","09MID1817","09MID1817","Sample","GovLocal","8/13/2019",NA,NA,NA,"",8,"ft2",NA,NA,NA,NA,NA,"09MID1817_19",NA,"N",NA,"Y",NA,"Solid/Sediment","Freshwater Taxonomy",NA,"SURBER",NA,NA,NA,NA,NA,36.67,"Number of Individual Organisms",NA,43830,"U",NA,4,"Count",NA,NA,NA,NA,NA,NA,NA,NA,NA,NA,"ID-COUNT-LEVEL2","","09MID1817_19",NA,"Rhithron Associates Inc, Missoula MT",NA,"Orthocladiinae",128457,NA,"Larva",NA,NA,NA,NA
"132","Ambient Monitoring","09MID1958","09MID1958","Sample","GovLocal","7/29/2019",NA,NA,NA,"",8,"ft2",NA,NA,NA,NA,NA,"09MID1958_19",NA,"N",NA,"Y",NA,"Solid/Sediment","Freshwater Taxonomy",NA,"SURBER",NA,NA,NA,NA,NA,46.67,"Number of Individual Organisms",NA,43830,"U",NA,1,"Count",NA,NA,NA,NA,NA,NA,NA,NA,NA,NA,"ID-COUNT-LEVEL2","","09MID1958_19",NA,"Rhithron Associates Inc, Missoula MT",NA,"Orthocladiinae",128457,NA,"Larva",NA,NA,NA,NA
"133","Ambient Monitoring","09MID1958","09MID1958","Sample","GovLocal","7/29/2019",NA,NA,NA,"",8,"ft2",NA,NA,NA,NA,NA,"09MID1958_19",NA,"N",NA,"Y",NA,"Solid/Sediment","Freshwater Taxonomy",NA,"SURBER",NA,NA,NA,NA,NA,46.67,"Number of Individual Organisms",NA,43830,"U",NA,1,"Count",NA,NA,NA,NA,NA,NA,NA,NA,NA,NA,"ID-COUNT-LEVEL2","","09MID1958_19",NA,"Rhithron Associates Inc, Missoula MT",NA,"Orthocladiinae",128457,NA,"Larva",NA,NA,NA,NA
"134","Ambient Monitoring","09NEW1657","09NEW1657","Sample","GovLocal","9/3/2024",NA,NA,NA,"medium flow.",8,"ft2",NA,NA,NA,NA,NA,"09NEW1657_24",NA,"N",NA,"Y",NA,"Solid/Sediment","Freshwater Taxonomy",NA,"SURBER",NA,NA,NA,NA,NA,16.67,"Number of Individual Organisms",NA,45657,"U",NA,5,"Count",NA,NA,NA,NA,NA,NA,NA,NA,NA,NA,"ID-COUNT-LEVEL2","","09NEW1657_24",NA,"Rhithron Associates Inc, Missoula MT",NA,"Orthocladiinae",128457,NA,"Larva",NA,NA,NA,NA
"135","Ambient Monitoring","09NEW1657","09NEW1657","Sample","GovLocal","9/3/2024",NA,NA,NA,"medium flow.",8,"ft2",NA,NA,NA,NA,NA,"09NEW1657_24",NA,"N",NA,"Y",NA,"Solid/Sediment","Freshwater Taxonomy",NA,"SURBER",NA,NA,NA,NA,NA,16.67,"Number of Individual Organisms",NA,45657,"U",NA,1,"Count",NA,NA,NA,NA,NA,NA,NA,NA,NA,NA,"ID-COUNT-LEVEL2","","09NEW1657_24",NA,"Rhithron Associates Inc, Missoula MT",NA,"Orthocladiinae",128457,NA,"Larva",NA,NA,NA,NA
"136","Ambient Monitoring","09NEW2128","09NEW2128","Sample","GovLocal","9/9/2022",NA,NA,NA,"",8,"ft2",NA,NA,NA,NA,NA,"09NEW2128_22",NA,"N",NA,"Y",NA,"Solid/Sediment","Freshwater Taxonomy",NA,"SURBER",NA,NA,NA,NA,NA,20,"Number of Individual Organisms",NA,44926,"U",NA,2,"Count",NA,NA,NA,NA,NA,NA,NA,NA,NA,NA,"ID-COUNT-LEVEL2","","09NEW2128_22",NA,"Rhithron Associates Inc, Missoula MT",NA,"Orthocladiinae",128457,NA,"Larva",NA,NA,NA,NA
"137","Ambient Monitoring","09NEW2128","09NEW2128","Sample","GovLocal","9/9/2022",NA,NA,NA,"",8,"ft2",NA,NA,NA,NA,NA,"09NEW2128_22",NA,"N",NA,"Y",NA,"Solid/Sediment","Freshwater Taxonomy",NA,"SURBER",NA,NA,NA,NA,NA,20,"Number of Individual Organisms",NA,44926,"U",NA,1,"Count",NA,NA,NA,NA,NA,NA,NA,NA,NA,NA,"ID-COUNT-LEVEL2","","09NEW2128_22",NA,"Rhithron Associates Inc, Missoula MT",NA,"Orthocladiinae",128457,NA,"Larva",NA,NA,NA,NA
"138","Boise Ambient","BSE_21_GolfCrs","BSE_21_GolfCrs","Sample","GovLocal","7/15/2024",NA,NA,NA,"",8,"ft2",NA,NA,NA,NA,NA,"BSE_21_GolfCrs_24",NA,"N",NA,"Y",NA,"Solid/Sediment","Freshwater Taxonomy",NA,"SURBER",NA,NA,NA,NA,NA,20,"Number of Individual Organisms",NA,45657,"U",NA,12,"Count",NA,NA,NA,NA,NA,NA,NA,NA,NA,NA,"ID-COUNT-LEVEL2","","BSE_21_GolfCrs_24",NA,"Rhithron Associates Inc, Missoula MT",NA,"Orthocladiinae",128457,NA,"Larva",NA,NA,NA,NA
"139","Boise Ambient","BSE_21_GolfCrs","BSE_21_GolfCrs","Sample","GovLocal","7/15/2024",NA,NA,NA,"",8,"ft2",NA,NA,NA,NA,NA,"BSE_21_GolfCrs_24",NA,"N",NA,"Y",NA,"Solid/Sediment","Freshwater Taxonomy",NA,"SURBER",NA,NA,NA,NA,NA,20,"Number of Individual Organisms",NA,45657,"U",NA,1,"Count",NA,NA,NA,NA,NA,NA,NA,NA,NA,NA,"ID-COUNT-LEVEL2","","BSE_21_GolfCrs_24",NA,"Rhithron Associates Inc, Missoula MT",NA,"Orthocladiinae",128457,NA,"Larva",NA,NA,NA,NA
"140","Miller-Walker","Miller_Cove","Miller_Cove","Sample","GovLocal","8/30/2018",NA,NA,NA,"",8,"ft2",NA,NA,NA,NA,NA,"Miller_Cove_18",NA,"N",NA,"Y",NA,"Solid/Sediment","Freshwater Taxonomy",NA,"SURBER",NA,NA,NA,NA,NA,70,"Number of Individual Organisms",NA,43465,"U",NA,1,"Count",NA,NA,NA,NA,NA,NA,NA,NA,NA,NA,"ID-COUNT-LEVEL2","","Miller_Cove_18",NA,"Rhithron Associates Inc, Missoula MT",NA,"Orthocladiinae",128457,NA,"Larva",NA,NA,NA,NA
"141","Miller-Walker","Miller_Cove","Miller_Cove","Sample","GovLocal","8/30/2018",NA,NA,NA,"",8,"ft2",NA,NA,NA,NA,NA,"Miller_Cove_18",NA,"N",NA,"Y",NA,"Solid/Sediment","Freshwater Taxonomy",NA,"SURBER",NA,NA,NA,NA,NA,70,"Number of Individual Organisms",NA,43465,"U",NA,1,"Count",NA,NA,NA,NA,NA,NA,NA,NA,NA,NA,"ID-COUNT-LEVEL2","Orthocladiinae Genus 5 (Coffman and Ferrington)","Miller_Cove_18",NA,"Rhithron Associates Inc, Missoula MT",NA,"Orthocladiinae",128457,NA,"Larva",NA,NA,NA,NA
