Sample ID,Visit ID,Site ID,WRIA Number,WRIA,Basin,Subbasin,Stream or River,Agency,Project,Site Code,Visit Date,Date Released,Latitude,Longitude,Lab Name,Sample Code,QC Replicate Of Sample Code,Collection Count,Positions In Stream,Surface Area,Surface Area Units,Taxa Effort,Deficiency Notes,QA/QC Result,Sampling Grid Squares Counted,Total Sampling Grid Squares,Taxon Serial Number,Taxon,Original Taxon Serial Number,Original Taxon,Quantity,Quantity Subsampling,Life Stage,Unique,Damaged,Immature,Outside Protocol,Wrong Gender
19050,13563,2385,,,,,Raging River,King County - DNRP,Ambient Monitoring,07RAG004615,8/13/2024,4/14/2025,47.547016,-121.90215,"Rhithron Associates, Inc.",07RAG004615_24,,8,Center of Riffle,8,ft2,Fine,,,5,30,68946,Nais,68946,Nais,17,,not specified,TRUE,FALSE,FALSE,FALSE,FALSE
19116,13634,2220,,,,,Raging River,King County - DNRP,Ambient Monitoring,07RAG012515,9/5/2024,4/14/2025,47.46564,-121.86456,"Rhithron Associates, Inc.",07RAG012515_24,,8,Center of Riffle,8,ft2,Fine,,PASS,5,30,68510,Enchytraeidae,68510,Enchytraeidae,1,,not specified,TRUE,FALSE,FALSE,FALSE,FALSE
14757,9739,2388,,,,,Raging River,King County - DNRP,Ambient Monitoring,07RAG042787,9/12/2018,11/19/2018,47.479864,-121.87046,"Rhithron Associates, Inc.",07RAG042787_18,,8,Center of Riffle,8,ft2,Fine,,,5,30,-200,Chamaedrilus,-200,Chamaedrilus,3,,not specified,TRUE,FALSE,FALSE,FALSE,FALSE
19076,13592,2386,,,,,Raging River,King County - DNRP,Ambient Monitoring,07RAG043443,8/20/2024,4/14/2025,47.497844,-121.905615,"Rhithron Associates, Inc.",07RAG043443_24,,8,Center of Riffle,8,ft2,Fine,,,5,30,68854,Naididae,68854,Naididae,2,,not specified,TRUE,FALSE,FALSE,FALSE,FALSE
13026,8181,2382,,,,,Raging River,King County - DNRP,Ambient Monitoring,07RAG054215,8/18/2015,4/22/2016,47.565877,-121.883567,"Rhithron Associates, Inc.",07RAG054215_15,,8,Center of Riffle,8,ft2,Fine,,,7,30,-138,Tubificinae,-138,Tubificinae,1,,not specified,TRUE,FALSE,FALSE,FALSE,FALSE
19138,13654,2597,,,,,Tolt River,King County - DNRP,Ambient Monitoring,07LNT062039,9/11/2024,4/14/2025,47.722639,-121.739274,"Rhithron Associates, Inc.",07LNT062039_24,,8,Center of Riffle,8,ft2,Fine,,,3,30,68544,Mesenchytraeus,68544,Mesenchytraeus,16,,not specified,TRUE,FALSE,FALSE,FALSE,FALSE
19136,13652,2596,,,,,Tolt River,King County - DNRP,Ambient Monitoring,07LNT075179,9/11/2024,4/14/2025,47.74339,-121.708721,"Rhithron Associates, Inc.",07LNT075179_24,,8,Center of Riffle,8,ft2,Fine,,,9,30,68552,Cognettia,68552,Cognettia,2,,not specified,TRUE,FALSE,FALSE,FALSE,FALSE
19134,13650,2593,,,,,Tolt River,King County - DNRP,Ambient Monitoring,07LNT130827,9/11/2024,4/14/2025,47.744648,-121.705084,"Rhithron Associates, Inc.",07LNT130827_24,,8,Center of Riffle,8,ft2,Fine,,,2,30,68544,Mesenchytraeus,68544,Mesenchytraeus,1,,not specified,TRUE,FALSE,FALSE,FALSE,FALSE
14817,9802,2606,,,,,Tolt River,King County - DNRP,Ambient Monitoring,07LST069191,9/19/2018,11/19/2018,47.688545,-121.786779,"Rhithron Associates, Inc.",07LST069191_18,,8,Center of Riffle,8,ft2,Fine,,,30,30,-200,Chamaedrilus,-200,Chamaedrilus,9,,not specified,TRUE,FALSE,FALSE,FALSE,FALSE
19140,13656,2379,,,,,Tolt River,King County - DNRP,Ambient Monitoring,07STL080295,9/12/2024,4/14/2025,47.63797,-121.914658,"Rhithron Associates, Inc.",07STL080295_24,,8,Center of Riffle,8,ft2,Fine,,,5,30,68534,Cernosvitoviella,68534,Cernosvitoviella,1,,not specified,TRUE,FALSE,FALSE,FALSE,FALSE
19126,13642,2380,,,,,Tolt River,King County - DNRP,Ambient Monitoring,07STL184007,9/9/2024,4/14/2025,47.66959,-121.86469,"Rhithron Associates, Inc.",07STL184007_24,,8,Center of Riffle,8,ft2,Fine,,PASS,6,30,68534,Cernosvitoviella,68534,Cernosvitoviella,1,,not specified,TRUE,FALSE,FALSE,FALSE,FALSE
13022,8177,2378,,,,,Tolt River,King County - DNRP,Ambient Monitoring,07STL195271,9/22/2015,4/22/2016,47.660433,-121.870026,"Rhithron Associates, Inc.",07STL195271_15,,8,Center of Riffle,8,ft2,Fine,,,3,30,68946,Nais,68946,Nais,4,,not specified,TRUE,FALSE,FALSE,FALSE,FALSE
13017,8172,2373,7,WRIA 7 - Snohomish,Lower Snoqualmie Basin,Cherry Creek Subbasin,Cherry Creek,King County - DNRP,Ambient Monitoring,07CHR013259,9/10/2015,4/22/2016,47.759269,-121.884733,"Rhithron Associates, Inc.",07CHR013259_15,,8,Center of Riffle,8,ft2,Fine,,,2,30,68531,Enchytraeus,68531,Enchytraeus,1,,not specified,TRUE,FALSE,FALSE,FALSE,FALSE
19088,13604,2369,7,WRIA 7 - Snohomish,Lower Snoqualmie Basin,Cherry Creek Subbasin,Cherry Creek,King County - DNRP,Ambient Monitoring,07CHR045515,8/27/2024,4/14/2025,47.74605,-121.89852,"Rhithron Associates, Inc.",07CHR045515_24,,8,Center of Riffle,8,ft2,Fine,,,3,30,69168,Branchiobdellida,69168,Branchiobdellida,11,,not specified,TRUE,FALSE,FALSE,FALSE,FALSE
19090,13606,2377,7,WRIA 7 - Snohomish,Lower Snoqualmie Basin,Cherry Creek Subbasin,Cherry Creek,King County - DNRP,Ambient Monitoring,07CHR234411,8/27/2024,4/14/2025,47.7417,-121.93982,"Rhithron Associates, Inc.",07CHR234411_24,,8,Center of Riffle,8,ft2,Fine,,,10,30,83282,Atractides,83282,Atractides,1,,adult,TRUE,FALSE,FALSE,FALSE,FALSE
19089,13605,2371,7,WRIA 7 - Snohomish,Lower Snoqualmie Basin,Cherry Creek Subbasin,Margaret Creek,King County - DNRP,Ambient Monitoring,07CHR070059,8/27/2024,4/14/2025,47.75381,-121.8941,"Rhithron Associates, Inc.",07CHR070059_24,,8,Center of Riffle,8,ft2,Fine,,,10,30,68552,Cognettia,68552,Cognettia,7,,not specified,TRUE,FALSE,FALSE,FALSE,FALSE
19129,13645,2592,7,WRIA 7 - Snohomish,Lower Snoqualmie Basin,Griffin Creek Subbasin,Griffin Creek,King County - DNRP,Ambient Monitoring,07GRN022903,9/9/2024,4/14/2025,47.610886,-121.864122,"Rhithron Associates, Inc.",07GRN022903_24,,8,Center of Riffle,8,ft2,Fine,,,2,30,68946,Nais,68946,Nais,1,,not specified,TRUE,FALSE,FALSE,FALSE,FALSE
19072,13589,2376,7,WRIA 7 - Snohomish,Lower Snoqualmie Basin,Griffin Creek Subbasin,Griffin Creek,King County - DNRP,Ambient Monitoring,07GRN077319,8/21/2024,4/14/2025,47.615841,-121.900707,"Rhithron Associates, Inc.",07GRN077319_24,,8,Center of Riffle,8,ft2,Fine,,,2,30,68552,Cognettia,68552,Cognettia,1,,not specified,TRUE,FALSE,FALSE,FALSE,FALSE
13019,8174,2375,7,WRIA 7 - Snohomish,Lower Snoqualmie Basin,Griffin Creek Subbasin,Griffin Creek,King County - DNRP,Ambient Monitoring,07GRN208791,9/15/2015,4/22/2016,47.60582,-121.88639,"Rhithron Associates, Inc.",07GRN208791_15,,8,Center of Riffle,8,ft2,Fine,,PASS,8,30,68531,Enchytraeus,68531,Enchytraeus,4,,not specified,TRUE,FALSE,FALSE,FALSE,FALSE
19056,13570,2225,7,WRIA 7 - Snohomish,Lower Snoqualmie Basin,Griffin Creek Subbasin,Mud Creek,King County - DNRP,Ambient Monitoring,07PAT001415,8/15/2024,4/14/2025,47.56475,-121.853444,"Rhithron Associates, Inc.",07PAT001415_24,,8,Center of Riffle,8,ft2,Fine,,,25,30,68510,Enchytraeidae,68510,Enchytraeidae,1,,not specified,TRUE,TRUE,FALSE,FALSE,FALSE
19055,13569,2599,7,WRIA 7 - Snohomish,Lower Snoqualmie Basin,Griffin Creek Subbasin,Snoqualmie River tributary (0430),King County - DNRP,Ambient Monitoring,07PAT231079,8/15/2024,4/14/2025,47.54926,-121.88884,"Rhithron Associates, Inc.",07PAT231079_24,,8,Center of Riffle,8,ft2,Fine,,,18,30,204785,Fridericia,204785,Fridericia,2,,not specified,TRUE,FALSE,FALSE,FALSE,FALSE
19049,13562,2368,7,WRIA 7 - Snohomish,Lower Snoqualmie Basin,Harris Creek Subbasin,Ames Creek,King County - DNRP,Ambient Monitoring,07HAR070087,8/13/2024,4/14/2025,47.65292,-121.96087,"Rhithron Associates, Inc.",07HAR070087_24,,8,Center of Riffle,8,ft2,Fine,,,8,30,68510,Enchytraeidae,68510,Enchytraeidae,2,,not specified,FALSE,FALSE,FALSE,FALSE,FALSE
13025,8180,2381,7,WRIA 7 - Snohomish,Lower Snoqualmie Basin,Harris Creek Subbasin,Harris Creek,King County - DNRP,Ambient Monitoring,07HAR055371,8/31/2015,4/22/2016,47.726195,-121.879791,"Rhithron Associates, Inc.",07HAR055371_15,,8,Center of Riffle,8,ft2,Fine,,PASS,3,30,68544,Mesenchytraeus,68544,Mesenchytraeus,1,,not specified,TRUE,FALSE,FALSE,FALSE,FALSE
19094,13610,2366,7,WRIA 7 - Snohomish,Lower Snoqualmie Basin,Harris Creek Subbasin,Snoqualmie River tributary (Harris Creek subbasin),King County - DNRP,Ambient Monitoring,07HAR025863,8/29/2024,4/14/2025,47.68279,-121.92049,"Rhithron Associates, Inc.",07HAR025863_24,,8,Center of Riffle,8,ft2,Fine,,,20,30,68552,Cognettia,68552,Cognettia,14,,not specified,TRUE,FALSE,FALSE,FALSE,FALSE
19073,13590,2603,7,WRIA 7 - Snohomish,Lower Snoqualmie Basin,Kimball Creek Subbasin,Coal Creek (Snoqualmie River),King County - DNRP,Ambient Monitoring,07PAT228627,8/21/2024,4/14/2025,47.523697,-121.844634,"Rhithron Associates, Inc.",07PAT228627_24,,8,Center of Riffle,8,ft2,Fine,,,6,30,68552,Cognettia,68552,Cognettia,2,,not specified,TRUE,FALSE,FALSE,FALSE,FALSE
19123,13639,2601,7,WRIA 7 - Snohomish,Lower Snoqualmie Basin,Patterson Creek Subbasin,Canyon Creek (Snoqualmie River),King County - DNRP,Ambient Monitoring,07PAT166087,9/9/2024,4/14/2025,47.583426,-121.951276,"Rhithron Associates, Inc.",07PAT166087_24,,8,Center of Riffle,8,ft2,Fine,,PASS,4,30,68552,Cognettia,68552,Cognettia,1,,not specified,TRUE,FALSE,FALSE,FALSE,FALSE
19183,13687,2602,7,WRIA 7 - Snohomish,Lower Snoqualmie Basin,Patterson Creek Subbasin,Patterson Creek,King County - DNRP,Ambient Monitoring,07PAT187623,10/2/2024,5/13/2025,47.582202,-121.929938,"Rhithron Associates, Inc.",07PAT187623_24,,8,Center of Riffle,8,ft2,Fine,,,5,30,68552,Cognettia,68552,Cognettia,1,,not specified,TRUE,FALSE,FALSE,FALSE,FALSE
17632,12186,2217,7,WRIA 7 - Snohomish,Lower Snoqualmie Basin,Raging River Subbasin,Raging River tributary,King County - DNRP,Ambient Monitoring,07RAG018227,9/1/2022,2/1/2023,47.47915,-121.892999,"Rhithron Associates, Inc.",07RAG018227_22,,8,Center of Riffle,8,ft2,Fine,,,15,30,68544,Mesenchytraeus,68544,Mesenchytraeus,2,,not specified,TRUE,FALSE,FALSE,FALSE,FALSE
13016,8171,2372,7,WRIA 7 - Snohomish,Lower Snoqualmie Basin,Raging River Subbasin,Raging River tributary,King County - DNRP,Ambient Monitoring,07RAG065475,8/11/2015,4/22/2016,47.458258,-121.845076,"Rhithron Associates, Inc.",07RAG065475_15,,8,Center of Riffle,8,ft2,Fine,,,26,30,68531,Enchytraeus,68531,Enchytraeus,8,,not specified,TRUE,FALSE,FALSE,FALSE,FALSE
19141,13657,2224,7,WRIA 7 - Snohomish,Lower Snoqualmie Basin,Raging River Subbasin,Snoqualmie River tributary (Raging River subbasin),King County - DNRP,Ambient Monitoring,07RAG002867,9/12/2024,4/14/2025,47.498716,-121.91917,"Rhithron Associates, Inc.",07RAG002867_24,,8,Center of Riffle,8,ft2,Fine,,,16,30,68552,Cognettia,68552,Cognettia,6,,not specified,TRUE,FALSE,FALSE,FALSE,FALSE
19254,13758,2216,7,WRIA 7 - Snohomish,Lower Snoqualmie Basin,Raging River Subbasin,Snoqualmie River tributary (Raging River subbasin),King County - DNRP,Ambient Monitoring,07RAG022147,9/12/2024,4/14/2025,47.457368,-121.836318,"Rhithron Associates, Inc.",07RAG022147_24,,8,Center of Riffle,8,ft2,Fine,,,8,30,68510,Enchytraeidae,68510,Enchytraeidae,2,,not specified,FALSE,FALSE,FALSE,FALSE,FALSE
19128,13644,2595,7,WRIA 7 - Snohomish,Lower Snoqualmie Basin,Tokul Creek Subbasin,Tokul Creek,King County - DNRP,Ambient Monitoring,07TKL047047,9/9/2024,4/14/2025,47.5802,-121.78183,"Rhithron Associates, Inc.",07TKL047047_24,,8,Center of Riffle,8,ft2,Fine,,,1,30,68946,Nais,68946,Nais,2,,not specified,TRUE,FALSE,FALSE,FALSE,FALSE
19127,13643,2594,7,WRIA 7 - Snohomish,Lower Snoqualmie Basin,Tokul Creek Subbasin,Tokul Creek,King County - DNRP,Ambient Monitoring,07TKL072439,9/9/2024,4/14/2025,47.621687,-121.784871,"Rhithron Associates, Inc.",07TKL072439_24,,8,Center of Riffle,8,ft2,Fine,,,7,30,68552,Cognettia,68552,Cognettia,1,,not specified,TRUE,FALSE,FALSE,FALSE,FALSE
19137,13653,2815,7,WRIA 7 - Snohomish,Lower Snoqualmie Basin,Tolt River Subbasin,Lower S Fork Tolt River tributary (0303),King County - DNRP,Ambient Monitoring,07LNT163403,9/11/2024,4/14/2025,47.744299,-121.820777,"Rhithron Associates, Inc.",07LNT163403_24,,8,Center of Riffle,8,ft2,Fine,,,3,30,68440,Lumbriculidae,68440,Lumbriculidae,12,,not specified,TRUE,FALSE,FALSE,FALSE,FALSE
19105,13623,2374,7,WRIA 7 - Snohomish,Snoqualmie Forks Basin,Lower Middle Fork Snoqualmie Subbasin,Snoqualmie River - Middle Fork tributary (Lower),King County - DNRP,Ambient Monitoring,07LMS026663,9/4/2024,4/14/2025,47.544336,-121.543278,"Rhithron Associates, Inc.",07LMS026663_24,,8,Center of Riffle,8,ft2,Fine,,,13,30,83282,Atractides,83282,Atractides,3,,adult,TRUE,FALSE,FALSE,FALSE,FALSE
13010,8161,2364,7,WRIA 7 - Snohomish,Snoqualmie Forks Basin,Lower Middle Fork Snoqualmie Subbasin,Snoqualmie River - Middle Fork tributary (Lower),King County - DNRP,Ambient Monitoring,07LMS029443,9/14/2015,4/22/2016,47.478514,-121.690456,"Rhithron Associates, Inc.",07LMS029443_15,,8,Center of Riffle,8,ft2,Fine,,,4,30,69168,Branchiobdellida,69168,Branchiobdellida,1,,not specified,TRUE,FALSE,FALSE,FALSE,FALSE
19329,13835,2362,7,WRIA 7 - Snohomish,Snoqualmie Forks Basin,Lower Middle Fork Snoqualmie Subbasin,Snoqualmie River - Middle Fork tributary (Lower),King County - DNRP,Ambient Monitoring,07LMS033235,9/4/2024,4/14/2025,47.51684,-121.61166,"Rhithron Associates, Inc.",07LMS033235_24_R,,8,Center of Riffle,8,ft2,Fine,,,4,30,68898,Dero,68898,Dero,2,,not specified,TRUE,FALSE,FALSE,FALSE,FALSE
19147,13663,2363,7,WRIA 7 - Snohomish,Snoqualmie Forks Basin,Lower Middle Fork Snoqualmie Subbasin,Snoqualmie River - Middle Fork tributary (Lower),King County - DNRP,Ambient Monitoring,07LMS055075,9/17/2024,4/14/2025,47.488376,-121.719565,"Rhithron Associates, Inc.",07LMS055075_24,,8,Center of Riffle,8,ft2,Fine,,,3,30,68510,Enchytraeidae,68510,Enchytraeidae,1,,not specified,FALSE,FALSE,FALSE,FALSE,FALSE
18495,12985,2365,7,WRIA 7 - Snohomish,Snoqualmie Forks Basin,Lower Middle Fork Snoqualmie Subbasin,Snoqualmie River - Middle Fork tributary (Lower),King County - DNRP,Ambient Monitoring,07LMS093027,9/21/2023,5/17/2024,47.48627,-121.757711,"Rhithron Associates, Inc.",07LMS093027_23,,8,Center of Riffle,8,ft2,Fine,,,16,30,68946,Nais,68946,Nais,1,,not specified,TRUE,FALSE,FALSE,FALSE,FALSE
19330,13836,2591,7,WRIA 7 - Snohomish,Snoqualmie Forks Basin,Lower Middle Fork Snoqualmie Subbasin,Snoqualmie River - Middle Fork tributary (Lower),King County - DNRP,Ambient Monitoring,07LMS103591,9/4/2024,4/14/2025,47.54324,-121.54146,"Rhithron Associates, Inc.",07LMS103591_R,,8,Center of Riffle,8,ft2,Fine,,,12,30,68544,Mesenchytraeus,68544,Mesenchytraeus,4,,not specified,TRUE,FALSE,FALSE,FALSE,FALSE
19106,13624,2604,7,WRIA 7 - Snohomish,Snoqualmie Forks Basin,Lower Middle Fork Snoqualmie Subbasin,Snoqualmie River - Middle Fork tributary (Lower),King County - DNRP,Ambient Monitoring,07LMS213875,9/4/2024,4/14/2025,47.495175,-121.640286,"Rhithron Associates, Inc.",07LMS213875_24,,8,Center of Riffle,8,ft2,Fine,,PASS,8,30,68946,Nais,68946,Nais,7,,not specified,TRUE,FALSE,FALSE,FALSE,FALSE
19125,13641,2383,7,WRIA 7 - Snohomish,Snoqualmie Forks Basin,S Fork Snoqualmie Subbasin,Snoqualmie River - S Fork tributary,King County - DNRP,Ambient Monitoring,07SFS009443,9/9/2024,4/14/2025,47.467888,-121.752865,"Rhithron Associates, Inc.",07SFS009443_24,,8,Center of Riffle,8,ft2,Fine,,PASS,1,30,68552,Cognettia,68552,Cognettia,1,,not specified,TRUE,FALSE,FALSE,FALSE,FALSE
19057,13572,2222,7,WRIA 7 - Snohomish,Snoqualmie Forks Basin,S Fork Snoqualmie Subbasin,Snoqualmie River - S Fork tributary,King County - DNRP,Ambient Monitoring,07SFS011059,8/15/2024,4/14/2025,47.488057,-121.785286,"Rhithron Associates, Inc.",07SFS011059_24,,8,Center of Riffle,8,ft2,Fine,,,3,30,68946,Nais,68946,Nais,5,,not specified,TRUE,FALSE,FALSE,FALSE,FALSE
19122,13638,2221,7,WRIA 7 - Snohomish,Snoqualmie Forks Basin,S Fork Snoqualmie Subbasin,Snoqualmie River - S Fork tributary,King County - DNRP,Ambient Monitoring,07SFS011475,9/9/2024,4/14/2025,47.440617,-121.66643,"Rhithron Associates, Inc.",07SFS011475_24,,8,Center of Riffle,8,ft2,Fine,,,6,30,-156,Cystobranchus salmositicus,-156,Cystobranchus salmositicus,1,,not specified,TRUE,FALSE,FALSE,FALSE,FALSE
19124,13640,2384,7,WRIA 7 - Snohomish,Snoqualmie Forks Basin,S Fork Snoqualmie Subbasin,Snoqualmie River - S Fork tributary,King County - DNRP,Ambient Monitoring,07SFS041891,9/9/2024,4/14/2025,47.470956,-121.772703,"Rhithron Associates, Inc.",07SFS041891_24,,8,Center of Riffle,8,ft2,Fine,,PASS,4,30,68544,Mesenchytraeus,68544,Mesenchytraeus,2,,not specified,TRUE,FALSE,FALSE,FALSE,FALSE
19077,13593,2389,7,WRIA 7 - Snohomish,Snoqualmie Forks Basin,S Fork Snoqualmie Subbasin,Snoqualmie River - S Fork tributary,King County - DNRP,Ambient Monitoring,07SFS066611,8/20/2024,4/14/2025,47.440732,-121.649546,"Rhithron Associates, Inc.",07SFS066611_24,,8,Center of Riffle,8,ft2,Fine,,,12,30,68510,Enchytraeidae,68510,Enchytraeidae,10,,not specified,FALSE,FALSE,FALSE,FALSE,FALSE
19336,13841,136,8,WRIA 8 - Cedar-Sammamish,Cedar River / Lake Washington Basin,Coal Creek (Cedar) Subbasin,Coal Creek (Lake Wash.),King County - DNRP,Ambient Monitoring,08EAS2446,8/28/2024,4/29/2025,47.551769,-122.164559,"Rhithron Associates, Inc.",08EAS2446_24_R,,8,Center of Riffle,8,ft2,Fine,,,13,30,68552,Cognettia,68552,Cognettia,1,,not specified,TRUE,FALSE,FALSE,FALSE,FALSE
18949,13464,137,8,WRIA 8 - Cedar-Sammamish,Cedar River / Lake Washington Basin,Coal Creek (Cedar) Subbasin,Coal Creek (Lake Wash.) tributary (0273),King County - DNRP,Ambient Monitoring,08EAS2540,7/16/2024,5/13/2025,47.550172,-122.156867,"Rhithron Associates, Inc.",08EAS2540_24,,8,Center of Riffle,8,ft2,Fine,,,12,30,68552,Cognettia,68552,Cognettia,4,,not specified,TRUE,FALSE,FALSE,FALSE,FALSE
19067,13583,204,8,WRIA 8 - Cedar-Sammamish,Cedar River / Lake Washington Basin,E Lake Washington - Kenmore N Subbasin,Lake Washington tributary (0056),King County - DNRP,Ambient Monitoring,08WES1178,8/21/2024,5/13/2025,47.766499,-122.263888,"Rhithron Associates, Inc.",08WES1178_24,,8,Center of Riffle,8,ft2,Fine,,,9,30,69444,Erpobdella,69444,Erpobdella,2,,not specified,TRUE,FALSE,FALSE,FALSE,FALSE
19034,13547,131,8,WRIA 8 - Cedar-Sammamish,Cedar River / Lake Washington Basin,E Lake Washington - Kenmore S Subbasin,Denny Creek,King County - DNRP,Ambient Monitoring,08EAS1536,8/7/2024,4/29/2025,47.709929,-122.248781,"Rhithron Associates, Inc.",08EAS1536_24,,8,Center of Riffle,8,ft2,Fine,,,6,30,68510,Enchytraeidae,68510,Enchytraeidae,1,,not specified,FALSE,FALSE,FALSE,FALSE,FALSE
18245,12728,134,8,WRIA 8 - Cedar-Sammamish,Cedar River / Lake Washington Basin,Forbes Creek Subbasin,Forbes Creek (0242),King County - DNRP,Ambient Monitoring,08EAS2191,8/15/2023,4/18/2024,47.695551,-122.197014,"Rhithron Associates, Inc.",08EAS2191_23,,8,Center of Riffle,8,ft2,Fine,,,11,30,68552,Cognettia,68552,Cognettia,4,,not specified,TRUE,FALSE,FALSE,FALSE,FALSE
18976,13490,138,8,WRIA 8 - Cedar-Sammamish,Cedar River / Lake Washington Basin,Kelsey Creek Subbasin,East Creek,King County - DNRP,Ambient Monitoring,08EAS2546,7/30/2024,5/13/2025,47.582723,-122.157426,"Rhithron Associates, Inc.",08EAS2546_24,,8,Center of Riffle,8,ft2,Fine,,,4,30,68946,Nais,68946,Nais,4,,not specified,TRUE,FALSE,FALSE,FALSE,FALSE
18975,13489,135,8,WRIA 8 - Cedar-Sammamish,Cedar River / Lake Washington Basin,Kelsey Creek Subbasin,Kelsey Creek,King County - DNRP,Ambient Monitoring,08EAS2272,7/30/2024,4/29/2025,47.623286,-122.156843,"Rhithron Associates, Inc.",08EAS2272_24,,8,Center of Riffle,8,ft2,Fine,,,6,30,68876,Pristina,68876,Pristina,1,,not specified,TRUE,FALSE,FALSE,FALSE,FALSE
18924,13440,123,8,WRIA 8 - Cedar-Sammamish,Cedar River / Lake Washington Basin,Lower Cedar River Subbasin,Cedar River - Lower tributary (0311),King County - DNRP,Ambient Monitoring,08CED2898,7/3/2024,5/13/2025,47.461466,-122.125545,"Rhithron Associates, Inc.",08CED2898_24,,8,Center of Riffle,8,ft2,Fine,,,23,30,68552,Cognettia,68552,Cognettia,14,,not specified,TRUE,FALSE,FALSE,FALSE,FALSE
17552,12095,127,8,WRIA 8 - Cedar-Sammamish,Cedar River / Lake Washington Basin,Lower Cedar River Subbasin,Hotel Creek (0342),King County - DNRP,Ambient Monitoring,08CED4975,7/21/2022,3/13/2023,47.410569,-121.921792,"Rhithron Associates, Inc.",08CED4975_22,,8,Center of Riffle,8,ft2,Fine,,,30,30,68510,Enchytraeidae,68510,Enchytraeidae,8,,not specified,FALSE,FALSE,FALSE,FALSE,FALSE
19333,13838,122,8,WRIA 8 - Cedar-Sammamish,Cedar River / Lake Washington Basin,Lower Cedar River Subbasin,Madsen Creek,King County - DNRP,Ambient Monitoring,08CED2711,8/29/2024,4/29/2025,47.453235,-122.137979,"Rhithron Associates, Inc.",08CED2711_24_R,,8,Center of Riffle,8,ft2,Fine,,,7,30,68510,Enchytraeidae,68510,Enchytraeidae,2,,not specified,FALSE,FALSE,FALSE,FALSE,FALSE
19185,13689,120,8,WRIA 8 - Cedar-Sammamish,Cedar River / Lake Washington Basin,Lower Cedar River Subbasin,Maplewood Creek,King County - DNRP,Ambient Monitoring,08CED2433,9/25/2024,5/13/2025,47.474227,-122.163593,"Rhithron Associates, Inc.",08CED2433_24,,8,Center of Riffle,8,ft2,Fine,,,1,30,68552,Cognettia,68552,Cognettia,2,,not specified,TRUE,FALSE,FALSE,FALSE,FALSE
19332,13837,121,8,WRIA 8 - Cedar-Sammamish,Cedar River / Lake Washington Basin,Lower Cedar River Subbasin,Molasses Creek,King County - DNRP,Ambient Monitoring,08CED2518,9/26/2024,5/13/2025,47.466759,-122.159109,"Rhithron Associates, Inc.",08CED2518_24_R,,8,Center of Riffle,8,ft2,Fine,,,23,30,68552,Cognettia,68552,Cognettia,5,,not specified,TRUE,FALSE,FALSE,FALSE,FALSE
19186,13690,125,8,WRIA 8 - Cedar-Sammamish,Cedar River / Lake Washington Basin,Lower Cedar River Subbasin,Rock Creek (Lower Cedar),King County - DNRP,Ambient Monitoring,08CED4192,9/4/2024,5/13/2025,47.374751,-122.017672,"Rhithron Associates, Inc.",08CED4192_24,,8,Center of Riffle,8,ft2,Fine,,,4,30,68510,Enchytraeidae,68510,Enchytraeidae,1,,not specified,FALSE,FALSE,FALSE,FALSE,FALSE
19350,13856,3497,8,WRIA 8 - Cedar-Sammamish,Cedar River / Lake Washington Basin,Lower Cedar River Subbasin,Webster Creek - Upper (0341),King County - DNRP,Ambient Monitoring,08CED_bug1,8/14/2024,5/13/2025,47.416205,-121.919618,"Rhithron Associates, Inc.",08CED_bug1_24,,8,Center of Riffle,8,ft2,Fine,,,7,30,68510,Enchytraeidae,68510,Enchytraeidae,1,,not specified,FALSE,FALSE,FALSE,FALSE,FALSE
19053,13567,129,8,WRIA 8 - Cedar-Sammamish,Cedar River / Lake Washington Basin,Lower Cedar River Subbasin,Webster Creek - Upper (0341),King County - DNRP,Ambient Monitoring,08CED5046,8/14/2024,5/13/2025,47.4277,-121.91545,"Rhithron Associates, Inc.",08CED5046_24,,8,Center of Riffle,8,ft2,Fine,,,15,30,68510,Enchytraeidae,68510,Enchytraeidae,1,,not specified,FALSE,FALSE,FALSE,FALSE,FALSE
18981,13495,201,8,WRIA 8 - Cedar-Sammamish,Cedar River / Lake Washington Basin,Lyon Creek Subbasin,Lyon Creek,King County - DNRP,Ambient Monitoring,08WES0905,7/29/2024,4/29/2025,47.759565,-122.28683,"Rhithron Associates, Inc.",08WES0905_24,,8,Center of Riffle,8,ft2,Fine,,,30,30,68560,Achaeta,68560,Achaeta,1,,not specified,TRUE,FALSE,FALSE,FALSE,FALSE
19334,13839,132,8,WRIA 8 - Cedar-Sammamish,Cedar River / Lake Washington Basin,May Creek Subbasin,May Creek (Lake Washington),King County - DNRP,Ambient Monitoring,08EAS1964,9/25/2024,5/13/2025,47.529663,-122.200605,"Rhithron Associates, Inc.",08EAS1964_24_R,,8,Center of Riffle,8,ft2,Fine,,,8,30,68440,Lumbriculidae,68440,Lumbriculidae,5,,not specified,TRUE,FALSE,FALSE,FALSE,FALSE
19335,13840,133,8,WRIA 8 - Cedar-Sammamish,Cedar River / Lake Washington Basin,May Creek Subbasin,May Creek (Lake Washington),King County - DNRP,Ambient Monitoring,08EAS2058,8/28/2024,4/29/2025,47.519171,-122.194691,"Rhithron Associates, Inc.",08EAS2058_24_R,,8,Center of Riffle,8,ft2,Fine,,,10,30,68946,Nais,68946,Nais,1,,not specified,TRUE,FALSE,FALSE,FALSE,FALSE
19092,13608,139,8,WRIA 8 - Cedar-Sammamish,Cedar River / Lake Washington Basin,May Creek Subbasin,May Creek (Lake Washington),King County - DNRP,Ambient Monitoring,08EAS2631,8/26/2024,4/29/2025,47.518948,-122.163144,"Rhithron Associates, Inc.",08EAS2631_24,,8,Center of Riffle,8,ft2,Fine,,,4,30,68552,Cognettia,68552,Cognettia,1,,not specified,TRUE,FALSE,FALSE,FALSE,FALSE
19023,13536,200,8,WRIA 8 - Cedar-Sammamish,Cedar River / Lake Washington Basin,McAleer Creek Subbasin,McAleer Creek,King County - DNRP,Ambient Monitoring,08WES0903,8/5/2024,4/29/2025,47.752199,-122.281877,"Rhithron Associates, Inc.",08WES0903_24,,8,Center of Riffle,8,ft2,Fine,,,6,30,68946,Nais,68946,Nais,1,,not specified,TRUE,FALSE,FALSE,FALSE,FALSE
19148,13664,199,8,WRIA 8 - Cedar-Sammamish,Cedar River / Lake Washington Basin,Thornton Creek Subbasin,Maple Leaf Creek,King County - DNRP,Ambient Monitoring,08WES0629,9/17/2024,4/29/2025,47.702708,-122.308342,"Rhithron Associates, Inc.",08WES0629_24,,8,Center of Riffle,8,ft2,Fine,,PASS,5,30,68552,Cognettia,68552,Cognettia,1,,not specified,TRUE,FALSE,FALSE,FALSE,FALSE
19051,13565,128,8,WRIA 8 - Cedar-Sammamish,Cedar River / Lake Washington Basin,Upper Cedar River Subbasin,Rock Creek (Upper Cedar),King County - DNRP,Ambient Monitoring,08CED5032,8/14/2024,4/29/2025,47.415086,-121.887131,"Rhithron Associates, Inc.",08CED5032_24,,8,Center of Riffle,8,ft2,Fine,,,10,30,68552,Cognettia,68552,Cognettia,4,,not specified,TRUE,FALSE,FALSE,FALSE,FALSE
19099,13617,198,8,WRIA 8 - Cedar-Sammamish,Cedar River / Lake Washington Basin,W Lake Washington - Seattle N Subbasin,Ravenna Creek,King County - DNRP,Ambient Monitoring,08WES0622,9/3/2024,4/14/2025,47.673452,-122.310727,"Rhithron Associates, Inc.",08WES0622_24,,8,Center of Riffle,8,ft2,Fine,,,10,30,68510,Enchytraeidae,68510,Enchytraeidae,1,,not specified,FALSE,FALSE,FALSE,FALSE,FALSE
18993,13508,207,8,WRIA 8 - Cedar-Sammamish,Cedar River / Lake Washington Basin,W Lake Washington - Seattle S Subbasin,Lake Washington tributary,King County - DNRP,Ambient Monitoring,08WES1579,7/31/2024,4/29/2025,47.483496,-122.227268,"Rhithron Associates, Inc.",08WES1579_24,,8,Center of Riffle,8,ft2,Fine,,PASS,13,30,69444,Erpobdella,69444,Erpobdella,4,,not specified,TRUE,FALSE,FALSE,FALSE,FALSE
18992,13507,206,8,WRIA 8 - Cedar-Sammamish,Cedar River / Lake Washington Basin,W Lake Washington - Seattle S Subbasin,Lake Washington tributary (0464B),King County - DNRP,Ambient Monitoring,08WES1490,7/31/2024,4/29/2025,47.503982,-122.227702,"Rhithron Associates, Inc.",08WES1490_24,,8,Center of Riffle,8,ft2,Fine,,,13,30,68510,Enchytraeidae,68510,Enchytraeidae,16,,not specified,FALSE,FALSE,FALSE,FALSE,FALSE
19082,13598,203,8,WRIA 8 - Cedar-Sammamish,Cedar River / Lake Washington Basin,W Lake Washington - Seattle S Subbasin,Mapes Creek,King County - DNRP,Ambient Monitoring,08WES1037,8/26/2024,5/13/2025,47.518425,-122.268797,"Rhithron Associates, Inc.",08WES1037_24,,8,Center of Riffle,8,ft2,Fine,,,4,30,68854,Naididae,68854,Naididae,2,,not specified,TRUE,FALSE,FALSE,FALSE,FALSE
18998,13514,205,8,WRIA 8 - Cedar-Sammamish,Cedar River / Lake Washington Basin,W Lake Washington - Seattle S Subbasin,Taylor Creek (W Lake Washington),King County - DNRP,Ambient Monitoring,08WES1340,7/31/2024,6/18/2025,47.507869,-122.247582,"Rhithron Associates, Inc.",08WES1340_24,,8,Center of Riffle,8,ft2,Fine,,,,,68552,Cognettia,68552,Cognettia,6,,not specified,TRUE,FALSE,FALSE,FALSE,FALSE
18250,12733,140,8,WRIA 8 - Cedar-Sammamish,Sammamish River Basin,Bear Creek Subbasin,Bear Creek (Sammamish River),King County - DNRP,Ambient Monitoring,08BEA3474,9/13/2023,4/16/2024,47.677597,-122.098301,"Rhithron Associates, Inc.",08BEA3474_23,,8,Center of Riffle,8,ft2,Fine,,,6,30,68440,Lumbriculidae,68440,Lumbriculidae,6,,not specified,TRUE,FALSE,FALSE,FALSE,FALSE
19036,13549,115,8,WRIA 8 - Cedar-Sammamish,Sammamish River Basin,Bear Creek Subbasin,Bear Creek (Sammamish River),King County - DNRP,Ambient Monitoring,08BEA3650,8/7/2024,4/29/2025,47.717871,-122.076997,"Rhithron Associates, Inc.",08BEA3650_24,,8,Center of Riffle,8,ft2,Fine,,,2,30,68440,Lumbriculidae,68440,Lumbriculidae,17,,not specified,TRUE,FALSE,FALSE,FALSE,FALSE
19079,13595,117,8,WRIA 8 - Cedar-Sammamish,Sammamish River Basin,Bear Creek Subbasin,Bear Creek (Sammamish River),King County - DNRP,Ambient Monitoring,08BEA3747,8/26/2024,4/29/2025,47.758758,-122.057993,"Rhithron Associates, Inc.",08BEA3747_24,,8,Center of Riffle,8,ft2,Fine,,,8,30,68946,Nais,68946,Nais,1,,not specified,TRUE,FALSE,FALSE,FALSE,FALSE
19029,13542,111,8,WRIA 8 - Cedar-Sammamish,Sammamish River Basin,Bear Creek Subbasin,Cold Creek,King County - DNRP,Ambient Monitoring,08BEA3321,8/6/2024,5/13/2025,47.754916,-122.104024,"Rhithron Associates, Inc.",08BEA3321_24,,8,Center of Riffle,8,ft2,Fine,,,20,30,68552,Cognettia,68552,Cognettia,5,,not specified,TRUE,FALSE,FALSE,FALSE,FALSE
18936,13451,119,8,WRIA 8 - Cedar-Sammamish,Sammamish River Basin,Bear Creek Subbasin,Colin Creek,King County - DNRP,Ambient Monitoring,08BEA3914,7/8/2024,5/13/2025,47.73302,-122.05998,"Rhithron Associates, Inc.",08BEA3914_24,,8,Center of Riffle,8,ft2,Fine,,,5,30,68534,Cernosvitoviella,68534,Cernosvitoviella,1,,not specified,TRUE,FALSE,FALSE,FALSE,FALSE
19184,13688,114,8,WRIA 8 - Cedar-Sammamish,Sammamish River Basin,Bear Creek Subbasin,Cottage Lake Creek,King County - DNRP,Ambient Monitoring,08BEA3571,10/2/2024,5/13/2025,47.744769,-122.088883,"Rhithron Associates, Inc.",08BEA3571_24,,8,Center of Riffle,8,ft2,Fine,,,6,30,68440,Lumbriculidae,68440,Lumbriculidae,9,,not specified,TRUE,FALSE,FALSE,FALSE,FALSE
12998,8054,113,8,WRIA 8 - Cedar-Sammamish,Sammamish River Basin,Bear Creek Subbasin,Mackey Creek,King County - DNRP,Ambient Monitoring,08BEA3478,8/26/2015,4/22/2016,47.694994,-122.08918,"Rhithron Associates, Inc.",08BEA3478_15,,8,Center of Riffle,8,ft2,Fine,,,9,30,68510,Enchytraeidae,68510,Enchytraeidae,2,,not specified,FALSE,TRUE,FALSE,FALSE,FALSE
18948,13463,110,8,WRIA 8 - Cedar-Sammamish,Sammamish River Basin,Bear Creek Subbasin,Monticello Creek,King County - DNRP,Ambient Monitoring,08BEA3312,7/9/2024,5/13/2025,47.703496,-122.09254,"Rhithron Associates, Inc.",08BEA3312_24,,8,Center of Riffle,8,ft2,Fine,,,18,30,204785,Fridericia,204785,Fridericia,1,,not specified,TRUE,FALSE,FALSE,FALSE,FALSE
19144,13660,116,8,WRIA 8 - Cedar-Sammamish,Sammamish River Basin,Bear Creek Subbasin,Seidel Creek,King County - DNRP,Ambient Monitoring,08BEA3737,9/16/2024,4/29/2025,47.718328,-122.073941,"Rhithron Associates, Inc.",08BEA3737_24,,8,Center of Riffle,8,ft2,Fine,,PASS,18,30,68854,Naididae,68854,Naididae,1,,not specified,TRUE,FALSE,FALSE,FALSE,FALSE
18940,13455,118,8,WRIA 8 - Cedar-Sammamish,Sammamish River Basin,Bear Creek Subbasin,Struve Creek,King County - DNRP,Ambient Monitoring,08BEA3826,7/8/2024,5/13/2025,47.7336,-122.05881,"Rhithron Associates, Inc.",08BEA3826_24,,8,Center of Riffle,8,ft2,Fine,,,17,30,68510,Enchytraeidae,68510,Enchytraeidae,2,,not specified,TRUE,TRUE,FALSE,FALSE,FALSE
19189,13694,165,8,WRIA 8 - Cedar-Sammamish,Sammamish River Basin,E Lake Sammamish Subbasin,Ebright Creek,King County - DNRP,Ambient Monitoring,08LAK3627,9/17/2024,5/13/2025,47.608584,-122.071866,"Rhithron Associates, Inc.",08LAK3627_24,,8,Center of Riffle,8,ft2,Fine,,,7,30,68510,Enchytraeidae,68510,Enchytraeidae,2,,not specified,FALSE,FALSE,FALSE,FALSE,FALSE
18978,13492,166,8,WRIA 8 - Cedar-Sammamish,Sammamish River Basin,E Lake Sammamish Subbasin,Eden/George Davis Creek,King County - DNRP,Ambient Monitoring,08LAK3628,7/30/2024,4/29/2025,47.615284,-122.066971,"Rhithron Associates, Inc.",08LAK3628_24,,8,Center of Riffle,8,ft2,Fine,,,3,30,68946,Nais,68946,Nais,4,,not specified,TRUE,FALSE,FALSE,FALSE,FALSE
18933,13448,168,8,WRIA 8 - Cedar-Sammamish,Sammamish River Basin,E Lake Sammamish Subbasin,Laughing Jacobs Creek,King County - DNRP,Ambient Monitoring,08LAK3879,7/17/2024,5/13/2025,47.565113,-122.050183,"Rhithron Associates, Inc.",08LAK3879_24,,8,Center of Riffle,8,ft2,Fine,,,6,30,68876,Pristina,68876,Pristina,1,,not specified,TRUE,FALSE,FALSE,FALSE,FALSE
19340,13845,169,8,WRIA 8 - Cedar-Sammamish,Sammamish River Basin,E Lake Sammamish Subbasin,Many Springs Creek,King County - DNRP,Ambient Monitoring,08LAK3880,8/28/2024,4/29/2025,47.569898,-122.053288,"Rhithron Associates, Inc.",08LAK3880_24_R,,8,Center of Riffle,8,ft2,Fine,,PASS,30,30,68552,Cognettia,68552,Cognettia,10,,not specified,TRUE,FALSE,FALSE,FALSE,FALSE
18927,13443,163,8,WRIA 8 - Cedar-Sammamish,Sammamish River Basin,E Lake Sammamish Subbasin,Pine Lake Creek,King County - DNRP,Ambient Monitoring,08LAK3540,7/18/2024,4/29/2025,47.600939,-122.080335,"Rhithron Associates, Inc.",08LAK3540_24,,8,Center of Riffle,8,ft2,Fine,,,4,30,68552,Cognettia,68552,Cognettia,6,,not specified,TRUE,FALSE,FALSE,FALSE,FALSE
12850,7955,141,8,WRIA 8 - Cedar-Sammamish,Sammamish River Basin,Evans Creek Subbasin,Evans Creek,King County - DNRP,Ambient Monitoring,08EVA3555,8/5/2015,4/22/2016,47.67462,-122.081052,"Rhithron Associates, Inc.",08EVA3555_15,,8,Center of Riffle,8,ft2,Fine,,,13,30,-138,Tubificinae,-138,Tubificinae,2,,not specified,TRUE,FALSE,FALSE,FALSE,FALSE
19078,13594,144,8,WRIA 8 - Cedar-Sammamish,Sammamish River Basin,Evans Creek Subbasin,Evans Creek tributary (0107),King County - DNRP,Ambient Monitoring,08EVA3642,8/26/2024,4/29/2025,47.67972,-122.07785,"Rhithron Associates, Inc.",08EVA3642_24,,8,Center of Riffle,8,ft2,Fine,,,30,30,68541,Henlea,68541,Henlea,1,,not specified,TRUE,FALSE,FALSE,FALSE,FALSE
19033,13546,143,8,WRIA 8 - Cedar-Sammamish,Sammamish River Basin,Evans Creek Subbasin,Evans Creek tributary (0108),King County - DNRP,Ambient Monitoring,08EVA3640,8/7/2024,4/14/2025,47.674662,-122.072706,"Rhithron Associates, Inc.",08EVA3640_24,,8,Center of Riffle,8,ft2,Fine,,,11,30,68552,Cognettia,68552,Cognettia,1,,not specified,TRUE,FALSE,FALSE,FALSE,FALSE
18937,13452,145,8,WRIA 8 - Cedar-Sammamish,Sammamish River Basin,Evans Creek Subbasin,Evans Creek tributary (0108A),King County - DNRP,Ambient Monitoring,08EVA3813,7/18/2024,4/29/2025,47.67341,-122.063447,"Rhithron Associates, Inc.",08EVA3813_24,,8,Center of Riffle,8,ft2,Fine,,,4,30,68510,Enchytraeidae,68510,Enchytraeidae,3,,not specified,FALSE,FALSE,FALSE,FALSE,FALSE
18935,13450,142,8,WRIA 8 - Cedar-Sammamish,Sammamish River Basin,Evans Creek Subbasin,Evans Creek tributary (0111E),King County - DNRP,Ambient Monitoring,08EVA3637,7/18/2024,4/29/2025,47.65296,-122.06841,"Rhithron Associates, Inc.",08EVA3637_24,,8,Center of Riffle,8,ft2,Fine,,,14,30,68552,Cognettia,68552,Cognettia,1,,not specified,TRUE,FALSE,FALSE,FALSE,FALSE
19187,13692,156,8,WRIA 8 - Cedar-Sammamish,Sammamish River Basin,Issaquah Creek Subbasin,Carey Creek,King County - DNRP,Ambient Monitoring,08ISS4724,9/9/2024,5/13/2025,47.427716,-121.978422,"Rhithron Associates, Inc.",08ISS4724_24,,8,Center of Riffle,8,ft2,Fine,,,2,30,68544,Mesenchytraeus,68544,Mesenchytraeus,13,,not specified,TRUE,FALSE,FALSE,FALSE,FALSE
19145,13661,153,8,WRIA 8 - Cedar-Sammamish,Sammamish River Basin,Issaquah Creek Subbasin,Fifteenmile Creek,King County - DNRP,Ambient Monitoring,08ISS4294,9/16/2024,4/29/2025,47.484906,-122.028632,"Rhithron Associates, Inc.",08ISS4294_24,,8,Center of Riffle,8,ft2,Fine,,PASS,2,30,68552,Cognettia,68552,Cognettia,1,,not specified,TRUE,FALSE,FALSE,FALSE,FALSE
19337,13842,155,8,WRIA 8 - Cedar-Sammamish,Sammamish River Basin,Issaquah Creek Subbasin,High Point Creek,King County - DNRP,Ambient Monitoring,08ISS4573,8/29/2024,4/29/2025,47.531946,-121.976205,"Rhithron Associates, Inc.",08ISS4573_24_R,,8,Center of Riffle,8,ft2,Fine,,,17,30,68552,Cognettia,68552,Cognettia,1,,not specified,TRUE,FALSE,FALSE,FALSE,FALSE
19085,13600,157,8,WRIA 8 - Cedar-Sammamish,Sammamish River Basin,Issaquah Creek Subbasin,Holder Creek,King County - DNRP,Ambient Monitoring,08ISS4730,8/20/2024,4/14/2025,47.433941,-121.971913,"Rhithron Associates, Inc.",08ISS4730_24_R,,8,Center of Riffle,8,ft2,Fine,,,7,30,204785,Fridericia,204785,Fridericia,1,,not specified,TRUE,FALSE,FALSE,FALSE,FALSE
19075,13591,158,8,WRIA 8 - Cedar-Sammamish,Sammamish River Basin,Issaquah Creek Subbasin,Holder Creek tributary,King County - DNRP,Ambient Monitoring,08ISS4735,8/20/2024,4/29/2025,47.47075,-121.964356,"Rhithron Associates, Inc.",08ISS4735_24,,8,Center of Riffle,8,ft2,Fine,,,30,30,68552,Cognettia,68552,Cognettia,4,,not specified,TRUE,FALSE,FALSE,FALSE,FALSE
18930,13445,150,8,WRIA 8 - Cedar-Sammamish,Sammamish River Basin,Issaquah Creek Subbasin,Issaquah Creek,King County - DNRP,Ambient Monitoring,08ISS3877,7/17/2024,5/13/2025,47.551207,-122.046876,"Rhithron Associates, Inc.",08ISS3877_24,,8,Center of Riffle,8,ft2,Fine,,,3,30,68946,Nais,68946,Nais,1,,not specified,TRUE,FALSE,FALSE,FALSE,FALSE
19328,13833,152,8,WRIA 8 - Cedar-Sammamish,Sammamish River Basin,Issaquah Creek Subbasin,Issaquah Creek,King County - DNRP,Ambient Monitoring,08ISS3962,8/29/2024,4/29/2025,47.538939,-122.0426,"Rhithron Associates, Inc.",08ISS3962_24_R,,8,Center of Riffle,8,ft2,Fine,,PASS,11,30,68440,Lumbriculidae,68440,Lumbriculidae,1,,not specified,TRUE,FALSE,FALSE,FALSE,FALSE
19338,13843,159,8,WRIA 8 - Cedar-Sammamish,Sammamish River Basin,Issaquah Creek Subbasin,Issaquah Creek - E Fork,King County - DNRP,Ambient Monitoring,08ISS4748,8/29/2024,4/29/2025,47.532008,-121.980821,"Rhithron Associates, Inc.",08ISS4748_24_R,,8,Center of Riffle,8,ft2,Fine,,,7,30,-137,Naidinae,-137,Naidinae,1,,not specified,TRUE,TRUE,FALSE,FALSE,FALSE
18934,13449,160,8,WRIA 8 - Cedar-Sammamish,Sammamish River Basin,Issaquah Creek Subbasin,Issaquah Creek - E Fork,King County - DNRP,Ambient Monitoring,08ISS4884,7/11/2024,4/29/2025,47.525851,-121.941132,"Rhithron Associates, Inc.",08ISS4884_24,,8,Center of Riffle,8,ft2,Fine,,,18,30,68552,Cognettia,68552,Cognettia,31,,not specified,TRUE,FALSE,FALSE,FALSE,FALSE
19054,13568,151,8,WRIA 8 - Cedar-Sammamish,Sammamish River Basin,Issaquah Creek Subbasin,Issaquah Creek tributary (0198),King County - DNRP,Ambient Monitoring,08ISS3958,8/15/2024,5/13/2025,47.518325,-122.036396,"Rhithron Associates, Inc.",08ISS3958_24,,8,Center of Riffle,8,ft2,Fine,,,5,30,68510,Enchytraeidae,68510,Enchytraeidae,3,,not specified,FALSE,FALSE,FALSE,FALSE,FALSE
19341,13846,171,8,WRIA 8 - Cedar-Sammamish,Sammamish River Basin,Little Bear Creek Subbasin,Little Bear Creek,King County - DNRP,Ambient Monitoring,08LIT2585,9/5/2024,5/13/2025,47.758429,-122.160347,"Rhithron Associates, Inc.",08LIT2585_24_R,,8,Center of Riffle,8,ft2,Fine,,PASS,3,30,68440,Lumbriculidae,68440,Lumbriculidae,41,,not specified,TRUE,FALSE,FALSE,FALSE,FALSE
19068,13584,172,8,WRIA 8 - Cedar-Sammamish,Sammamish River Basin,Little Bear Creek Subbasin,Little Bear Creek,King County - DNRP,Ambient Monitoring,08LIT2602,8/21/2024,4/14/2025,47.83994,-122.16225,"Rhithron Associates, Inc.",08LIT2602_24,,8,Center of Riffle,8,ft2,Fine,,,4,30,68510,Enchytraeidae,68510,Enchytraeidae,12,,not specified,TRUE,FALSE,FALSE,FALSE,FALSE
19069,13585,173,8,WRIA 8 - Cedar-Sammamish,Sammamish River Basin,Little Bear Creek Subbasin,Little Bear Creek,King County - DNRP,Ambient Monitoring,08LIT2603,8/21/2024,4/29/2025,47.844461,-122.162851,"Rhithron Associates, Inc.",08LIT2603_24,,8,Center of Riffle,8,ft2,Fine,,,9,30,68552,Cognettia,68552,Cognettia,5,,not specified,TRUE,FALSE,FALSE,FALSE,FALSE
19032,13545,174,8,WRIA 8 - Cedar-Sammamish,Sammamish River Basin,Little Bear Creek Subbasin,Little Bear Creek,King County - DNRP,Ambient Monitoring,08LIT2682,8/6/2024,4/29/2025,47.763211,-122.156929,"Rhithron Associates, Inc.",08LIT2682_24,,8,Center of Riffle,8,ft2,Fine,,,4,30,68552,Cognettia,68552,Cognettia,1,,not specified,TRUE,FALSE,FALSE,FALSE,FALSE
19031,13544,175,8,WRIA 8 - Cedar-Sammamish,Sammamish River Basin,Little Bear Creek Subbasin,Little Bear Creek,King County - DNRP,Ambient Monitoring,08LIT2685,8/6/2024,4/29/2025,47.778471,-122.154549,"Rhithron Associates, Inc.",08LIT2685_24,,8,Center of Riffle,8,ft2,Fine,,,3,30,68876,Pristina,68876,Pristina,1,,not specified,TRUE,FALSE,FALSE,FALSE,FALSE
19024,13537,176,8,WRIA 8 - Cedar-Sammamish,Sammamish River Basin,Little Bear Creek Subbasin,Little Bear Creek,King County - DNRP,Ambient Monitoring,08LIT2692,8/5/2024,4/14/2025,47.811464,-122.158997,"Rhithron Associates, Inc.",08LIT2692_24,,8,Center of Riffle,8,ft2,Fine,,,15,30,68552,Cognettia,68552,Cognettia,1,,not specified,TRUE,FALSE,FALSE,FALSE,FALSE
19030,13543,177,8,WRIA 8 - Cedar-Sammamish,Sammamish River Basin,Little Bear Creek Subbasin,Little Bear Creek,King County - DNRP,Ambient Monitoring,08LIT2781,8/6/2024,4/29/2025,47.790039,-122.144532,"Rhithron Associates, Inc.",08LIT2781_24,,8,Center of Riffle,8,ft2,Fine,,,5,30,68946,Nais,68946,Nais,1,,not specified,TRUE,FALSE,FALSE,FALSE,FALSE
19070,13586,183,8,WRIA 8 - Cedar-Sammamish,Sammamish River Basin,North Creek Subbasin,North Creek,King County - DNRP,Ambient Monitoring,08NOR1750,8/21/2024,5/13/2025,47.852841,-122.222496,"Rhithron Associates, Inc.",08NOR1750_24,,8,Center of Riffle,8,ft2,Fine,,PASS,2,30,68552,Cognettia,68552,Cognettia,1,,not specified,TRUE,FALSE,FALSE,FALSE,FALSE
14291,9287,184,8,WRIA 8 - Cedar-Sammamish,Sammamish River Basin,North Creek Subbasin,North Creek,King County - DNRP,Ambient Monitoring,08NOR1756,8/10/2017,4/19/2018,47.877597,-122.224133,"Rhithron Associates, Inc.",08NOR1756_17,,8,Center of Riffle,8,ft2,Fine,,,4,30,69398,Helobdella stagnalis,69398,Helobdella stagnalis,1,,not specified,TRUE,FALSE,FALSE,FALSE,FALSE
19342,13847,187,8,WRIA 8 - Cedar-Sammamish,Sammamish River Basin,North Creek Subbasin,North Creek,King County - DNRP,Ambient Monitoring,08NOR2306,9/12/2024,5/13/2025,47.778784,-122.187628,"Rhithron Associates, Inc.",08NOR2306_24_R,,8,Center of Riffle,8,ft2,Fine,,,2,30,68544,Mesenchytraeus,68544,Mesenchytraeus,1,,not specified,TRUE,FALSE,FALSE,FALSE,FALSE
18982,13496,186,8,WRIA 8 - Cedar-Sammamish,Sammamish River Basin,North Creek Subbasin,North Creek tributary,King County - DNRP,Ambient Monitoring,08NOR2115,7/29/2024,4/29/2025,47.791242,-122.195243,"Rhithron Associates, Inc.",08NOR2115_24,,8,Center of Riffle,8,ft2,Fine,,,6,30,68854,Naididae,68854,Naididae,1,,not specified,TRUE,FALSE,FALSE,FALSE,FALSE
19080,13596,193,8,WRIA 8 - Cedar-Sammamish,Sammamish River Basin,Sammamish River Subbasin,Gold Creek (Sammamish),King County - DNRP,Ambient Monitoring,08SAM2865,8/26/2024,5/13/2025,47.742702,-122.141764,"Rhithron Associates, Inc.",08SAM2865_24,,8,Center of Riffle,8,ft2,Fine,,,11,30,68552,Cognettia,68552,Cognettia,5,,not specified,TRUE,FALSE,FALSE,FALSE,FALSE
19035,13548,188,8,WRIA 8 - Cedar-Sammamish,Sammamish River Basin,Sammamish River Subbasin,Peters Creek,King County - DNRP,Ambient Monitoring,08SAM0000,8/7/2024,4/29/2025,47.682628,-122.143714,"Rhithron Associates, Inc.",08SAM0000_24,,8,Center of Riffle,8,ft2,Fine,,,7,30,68560,Achaeta,68560,Achaeta,1,,not specified,TRUE,FALSE,FALSE,FALSE,FALSE
18985,13499,189,8,WRIA 8 - Cedar-Sammamish,Sammamish River Basin,Sammamish River Subbasin,Sammamish River tributary (0068),King County - DNRP,Ambient Monitoring,08SAM1914,7/29/2024,4/29/2025,47.745483,-122.211857,"Rhithron Associates, Inc.",08SAM1914_24,,8,Center of Riffle,8,ft2,Fine,,,4,30,68876,Pristina,68876,Pristina,2,,not specified,TRUE,FALSE,FALSE,FALSE,FALSE
19343,13848,192,8,WRIA 8 - Cedar-Sammamish,Sammamish River Basin,Sammamish River Subbasin,Sammamish River tributary (0090),King County - DNRP,Ambient Monitoring,08SAM2862,8/28/2024,5/13/2025,47.733381,-122.13722,"Rhithron Associates, Inc.",08SAM2862_24_R,,8,Center of Riffle,8,ft2,Fine,,PASS,13,30,68552,Cognettia,68552,Cognettia,5,,not specified,TRUE,FALSE,FALSE,FALSE,FALSE
19345,13850,197,8,WRIA 8 - Cedar-Sammamish,Sammamish River Basin,Sammamish River Subbasin,Sammamish River tributary (0095D),King County - DNRP,Ambient Monitoring,08SAM3047,8/28/2024,4/29/2025,47.720449,-122.124316,"Rhithron Associates, Inc.",08SAM3047_24_R,,8,Center of Riffle,8,ft2,Fine,,,11,30,68552,Cognettia,68552,Cognettia,2,,not specified,TRUE,FALSE,FALSE,FALSE,FALSE
19344,13849,196,8,WRIA 8 - Cedar-Sammamish,Sammamish River Basin,Sammamish River Subbasin,Sammamish River tributary (0095F),King County - DNRP,Ambient Monitoring,08SAM3045,8/28/2024,4/14/2025,47.712241,-122.12057,"Rhithron Associates, Inc.",08SAM3045_24_R,,8,Center of Riffle,8,ft2,Fine,,,30,30,68552,Cognettia,68552,Cognettia,2,,not specified,TRUE,FALSE,FALSE,FALSE,FALSE
19146,13662,190,8,WRIA 8 - Cedar-Sammamish,Sammamish River Basin,Sammamish River Subbasin,Sammamish River tributary (0096D),King County - DNRP,Ambient Monitoring,08SAM2674,9/16/2024,4/29/2025,47.72908,-122.15256,"Rhithron Associates, Inc.",08SAM2674_24,,8,Center of Riffle,8,ft2,Fine,,,9,30,68510,Enchytraeidae,68510,Enchytraeidae,1,,not specified,FALSE,FALSE,FALSE,FALSE,FALSE
18929,13444,191,8,WRIA 8 - Cedar-Sammamish,Sammamish River Basin,Sammamish River Subbasin,Sammamish River tributary (0101),King County - DNRP,Ambient Monitoring,08SAM2855,7/18/2024,5/13/2025,47.696997,-122.131529,"Rhithron Associates, Inc.",08SAM2855_24,,8,Center of Riffle,8,ft2,Fine,,,26,30,68510,Enchytraeidae,68510,Enchytraeidae,1,,not specified,FALSE,FALSE,FALSE,FALSE,FALSE
19143,13659,181,8,WRIA 8 - Cedar-Sammamish,Sammamish River Basin,Swamp Creek Subbasin,Swamp Creek,King County - DNRP,Ambient Monitoring,08NOR1362,9/16/2024,4/29/2025,47.779822,-122.250431,"Rhithron Associates, Inc.",08NOR1362_24,,8,Center of Riffle,8,ft2,Fine,,,3,30,68946,Nais,68946,Nais,2,,not specified,TRUE,FALSE,FALSE,FALSE,FALSE
19081,13597,182,8,WRIA 8 - Cedar-Sammamish,Sammamish River Basin,Swamp Creek Subbasin,Swamp Creek,King County - DNRP,Ambient Monitoring,08NOR1370,8/26/2024,5/13/2025,47.770053,-122.244606,"Rhithron Associates, Inc.",08NOR1370_24,,8,Center of Riffle,8,ft2,Fine,,PASS,9,30,68946,Nais,68946,Nais,11,,not specified,TRUE,FALSE,FALSE,FALSE,FALSE
13558,8641,164,8,WRIA 8 - Cedar-Sammamish,Sammamish River Basin,Tibbetts Creek Subbasin,Tibbetts Creek,King County - DNRP,Ambient Monitoring,08LAK3616,8/17/2016,11/21/2016,47.553342,-122.068203,"Rhithron Associates, Inc.",08LAK3616_16,,8,Center of Riffle,8,ft2,Fine,,,3,30,69398,Helobdella stagnalis,69398,Helobdella stagnalis,1,,not specified,TRUE,FALSE,FALSE,FALSE,FALSE
19339,13844,167,8,WRIA 8 - Cedar-Sammamish,Sammamish River Basin,Tibbetts Creek Subbasin,Tibbetts Creek - Lower,King County - DNRP,Ambient Monitoring,08LAK3699,8/28/2024,4/29/2025,47.541782,-122.064195,"Rhithron Associates, Inc.",08LAK3699_24_R,,8,Center of Riffle,8,ft2,Fine,,,5,30,68946,Nais,68946,Nais,4,,not specified,TRUE,FALSE,FALSE,FALSE,FALSE
18977,13491,162,8,WRIA 8 - Cedar-Sammamish,Sammamish River Basin,W Lake Sammamish Subbasin,Idylwood Creek,King County - DNRP,Ambient Monitoring,08LAK3121,7/30/2024,4/29/2025,47.641052,-122.106516,"Rhithron Associates, Inc.",08LAK3121_24,,8,Center of Riffle,8,ft2,Fine,,,30,30,68510,Enchytraeidae,68510,Enchytraeidae,2,,not specified,FALSE,FALSE,FALSE,FALSE,FALSE
19188,13693,161,8,WRIA 8 - Cedar-Sammamish,Sammamish River Basin,W Lake Sammamish Subbasin,Vasa Creek,King County - DNRP,Ambient Monitoring,08LAK2827,10/2/2024,6/13/2025,47.578488,-122.113038,"Rhithron Associates, Inc.",08LAK2827_24,,8,Center of Riffle,8,ft2,Fine,,,,,68552,Cognettia,68552,Cognettia,2,,not specified,TRUE,FALSE,FALSE,FALSE,FALSE
19038,13551,210,9,WRIA 9 - Duwamish-Green,Duwamish - Green River Basin,Black River Subbasin,Garrison Creek - S Fork,King County - DNRP,Ambient Monitoring,09BLA0722,8/7/2024,2/5/2025,47.407005,-122.216196,"Rhithron Associates, Inc.",09BLA0722_24,,8,Center of Riffle,8,ft2,Fine,,,30,30,68541,Henlea,68541,Henlea,2,,not specified,TRUE,FALSE,FALSE,FALSE,FALSE
19048,13561,208,9,WRIA 9 - Duwamish-Green,Duwamish - Green River Basin,Black River Subbasin,Mill Creek (Kent),King County - DNRP,Ambient Monitoring,09BLA0675,8/13/2024,2/5/2025,47.381499,-122.221081,"Rhithron Associates, Inc.",09BLA0675_24,,8,Center of Riffle,8,ft2,Fine,,,4,30,68552,Cognettia,68552,Cognettia,3,,not specified,TRUE,FALSE,FALSE,FALSE,FALSE
19037,13550,209,9,WRIA 9 - Duwamish-Green,Duwamish - Green River Basin,Black River Subbasin,Mill Creek (Kent),King County - DNRP,Ambient Monitoring,09BLA0716,8/7/2024,2/5/2025,47.382722,-122.223995,"Rhithron Associates, Inc.",09BLA0716_24,,8,Center of Riffle,8,ft2,Fine,,,18,30,68552,Cognettia,68552,Cognettia,1,,not specified,TRUE,FALSE,FALSE,FALSE,FALSE
19059,13574,211,9,WRIA 9 - Duwamish-Green,Duwamish - Green River Basin,Black River Subbasin,Mill Creek (Kent),King County - DNRP,Ambient Monitoring,09BLA0756,8/19/2024,2/5/2025,47.369338,-122.208823,"Rhithron Associates, Inc.",09BLA0756_24,,8,Center of Riffle,8,ft2,Fine,,PASS,3,30,68552,Cognettia,68552,Cognettia,8,,not specified,TRUE,FALSE,FALSE,FALSE,FALSE
19039,13552,213,9,WRIA 9 - Duwamish-Green,Duwamish - Green River Basin,Black River Subbasin,Panther Creek (Black River),King County - DNRP,Ambient Monitoring,09BLA0771,8/7/2024,4/14/2025,47.442177,-122.207574,"Rhithron Associates, Inc.",09BLA0771_24,,8,Center of Riffle,8,ft2,Fine,,PASS,3,30,68552,Cognettia,68552,Cognettia,1,,not specified,TRUE,FALSE,FALSE,FALSE,FALSE
19044,13557,214,9,WRIA 9 - Duwamish-Green,Duwamish - Green River Basin,Black River Subbasin,Panther Creek (Black River),King County - DNRP,Ambient Monitoring,09BLA0772,8/7/2024,2/5/2025,47.445022,-122.211052,"Rhithron Associates, Inc.",09BLA0772_24,,8,Center of Riffle,8,ft2,Fine,,,2,30,68440,Lumbriculidae,68440,Lumbriculidae,16,,not specified,TRUE,FALSE,FALSE,FALSE,FALSE
19152,13668,212,9,WRIA 9 - Duwamish-Green,Duwamish - Green River Basin,Black River Subbasin,Springbrook Creek (Black River),King County - DNRP,Ambient Monitoring,09BLA0768,9/24/2024,5/13/2025,47.428348,-122.214069,"Rhithron Associates, Inc.",09BLA0768_24,,8,Center of Riffle,8,ft2,Fine,,,25,30,68510,Enchytraeidae,68510,Enchytraeidae,1,,not specified,FALSE,FALSE,FALSE,FALSE,FALSE
19043,13556,216,9,WRIA 9 - Duwamish-Green,Duwamish - Green River Basin,Black River Subbasin,Springbrook Creek tributary (0006B),King County - DNRP,Ambient Monitoring,09BLA0817,8/8/2024,5/13/2025,47.46604,-122.207183,"Rhithron Associates, Inc.",09BLA0817_24,,8,Center of Riffle,8,ft2,Fine,,PASS,3,30,68440,Lumbriculidae,68440,Lumbriculidae,3,,not specified,TRUE,FALSE,FALSE,FALSE,FALSE
19101,13619,225,9,WRIA 9 - Duwamish-Green,Duwamish - Green River Basin,Coal Creek (Green) Subbasin,Coal Creek (Green River),King County - DNRP,Ambient Monitoring,09DEE2208,9/3/2024,4/14/2025,47.266907,-121.916937,"Rhithron Associates, Inc.",09DEE2208_24,,8,Center of Riffle,8,ft2,Fine,,,3,30,68510,Enchytraeidae,68510,Enchytraeidae,3,,not specified,TRUE,FALSE,FALSE,FALSE,FALSE
19133,13649,228,9,WRIA 9 - Duwamish-Green,Duwamish - Green River Basin,Coal Creek (Green) Subbasin,Coal Creek (Green River),King County - DNRP,Ambient Monitoring,09DEE2294,9/12/2024,4/14/2025,47.275939,-121.894775,"Rhithron Associates, Inc.",09DEE2294_24,,8,Center of Riffle,8,ft2,Fine,,,2,30,68510,Enchytraeidae,68510,Enchytraeidae,1,,not specified,FALSE,FALSE,FALSE,FALSE,FALSE
19065,13581,217,9,WRIA 9 - Duwamish-Green,Duwamish - Green River Basin,Covington Creek Subbasin,Covington Creek,King County - DNRP,Ambient Monitoring,09COV1165,8/20/2024,2/5/2025,47.31919,-122.11905,"Rhithron Associates, Inc.",09COV1165_24,,8,Center of Riffle,8,ft2,Fine,,,4,30,68510,Enchytraeidae,68510,Enchytraeidae,1,,not specified,FALSE,FALSE,FALSE,FALSE,FALSE
19150,13666,218,9,WRIA 9 - Duwamish-Green,Duwamish - Green River Basin,Covington Creek Subbasin,Covington Creek,King County - DNRP,Ambient Monitoring,09COV1418,8/21/2024,4/14/2025,47.30933,-122.077692,"Rhithron Associates, Inc.",09COV1418_24,,8,Center of Riffle,8,ft2,Fine,,,3,30,733326,Oribatida,733326,Oribatida,1,,adult,TRUE,FALSE,FALSE,FALSE,FALSE
19190,13695,220,9,WRIA 9 - Duwamish-Green,Duwamish - Green River Basin,Covington Creek Subbasin,Covington Creek,King County - DNRP,Ambient Monitoring,09COV1756,9/26/2024,5/13/2025,47.32877,-122.022072,"Rhithron Associates, Inc.",09COV1756_24,,8,Center of Riffle,8,ft2,Fine,,,2,30,204785,Fridericia,204785,Fridericia,1,,not specified,TRUE,FALSE,FALSE,FALSE,FALSE
18989,13504,222,9,WRIA 9 - Duwamish-Green,Duwamish - Green River Basin,Covington Creek Subbasin,Rock Creek tributary (Covington),King County - DNRP,Ambient Monitoring,09COV1862,7/30/2024,4/14/2025,47.317211,-122.00522,"Rhithron Associates, Inc.",09COV1862_24,,8,Center of Riffle,8,ft2,Fine,,,4,30,68510,Enchytraeidae,68510,Enchytraeidae,1,,not specified,TRUE,FALSE,FALSE,FALSE,FALSE
18991,13506,223,9,WRIA 9 - Duwamish-Green,Duwamish - Green River Basin,Covington Creek Subbasin,Rock Creek tributary (Covington),King County - DNRP,Ambient Monitoring,09COV1864,7/30/2024,2/5/2025,47.325762,-122.001348,"Rhithron Associates, Inc.",09COV1864_24,,8,Center of Riffle,8,ft2,Fine,,PASS,5,30,68510,Enchytraeidae,68510,Enchytraeidae,3,,not specified,TRUE,FALSE,FALSE,FALSE,FALSE
19042,13555,224,9,WRIA 9 - Duwamish-Green,Duwamish - Green River Basin,Deep Creek Subbasin,Deep Creek (Green River),King County - DNRP,Ambient Monitoring,09DEE2163,8/8/2024,12/4/2024,47.282302,-121.932687,"Rhithron Associates, Inc.",09DEE2163_24,,8,Center of Riffle,8,ft2,Fine,,,7,30,68946,Nais,68946,Nais,1,,not specified,TRUE,FALSE,FALSE,FALSE,FALSE
19041,13554,226,9,WRIA 9 - Duwamish-Green,Duwamish - Green River Basin,Deep Creek Subbasin,Deep Creek (Green River),King County - DNRP,Ambient Monitoring,09DEE2211,8/8/2024,12/4/2024,47.285142,-121.923905,"Rhithron Associates, Inc.",09DEE2211_24,,8,Center of Riffle,8,ft2,Fine,,,4,30,68946,Nais,68946,Nais,2,,not specified,TRUE,FALSE,FALSE,FALSE,FALSE
19083,13599,230,9,WRIA 9 - Duwamish-Green,Duwamish - Green River Basin,Duwamish River Subbasin,Duwamish River tributary (0001E),King County - DNRP,Ambient Monitoring,09DUW0091,8/26/2024,2/5/2025,47.510357,-122.322142,"Rhithron Associates, Inc.",09DUW0091_24,,8,Center of Riffle,8,ft2,Fine,,,5,30,68946,Nais,68946,Nais,3,,not specified,TRUE,FALSE,FALSE,FALSE,FALSE
19058,13573,232,9,WRIA 9 - Duwamish-Green,Duwamish - Green River Basin,Duwamish River Subbasin,Duwamish River tributary (0003),King County - DNRP,Ambient Monitoring,09DUW0225,8/19/2024,4/14/2025,47.502212,-122.300156,"Rhithron Associates, Inc.",09DUW0225_24,,8,Center of Riffle,8,ft2,Fine,,,8,30,69444,Erpobdella,69444,Erpobdella,1,,not specified,TRUE,FALSE,FALSE,FALSE,FALSE
16936,11548,233,9,WRIA 9 - Duwamish-Green,Duwamish - Green River Basin,Duwamish River Subbasin,Riverton Creek (003D),King County - DNRP,Ambient Monitoring,09DUW0277,8/18/2021,10/20/2021,47.489932,-122.289451,"Rhithron Associates, Inc.",09DUW0277_21,,8,Center of Riffle,8,ft2,Fine,,,18,30,68510,Enchytraeidae,68510,Enchytraeidae,1,,not specified,FALSE,FALSE,FALSE,FALSE,FALSE
19060,13576,234,9,WRIA 9 - Duwamish-Green,Duwamish - Green River Basin,Jenkins Creek Subbasin,Jenkins Creek,King County - DNRP,Ambient Monitoring,09JEN1318,8/19/2024,4/14/2025,47.362218,-122.099903,"Rhithron Associates, Inc.",09JEN1318_24,,8,Center of Riffle,8,ft2,Fine,,,3,30,68552,Cognettia,68552,Cognettia,1,,not specified,TRUE,FALSE,FALSE,FALSE,FALSE
19061,13577,235,9,WRIA 9 - Duwamish-Green,Duwamish - Green River Basin,Jenkins Creek Subbasin,Jenkins Creek,King County - DNRP,Ambient Monitoring,09JEN1357,8/19/2024,4/14/2025,47.3689,-122.098899,"Rhithron Associates, Inc.",09JEN1357_24,,8,Center of Riffle,8,ft2,Fine,,,2,30,68552,Cognettia,68552,Cognettia,2,,not specified,TRUE,FALSE,FALSE,FALSE,FALSE
18337,12822,240,9,WRIA 9 - Duwamish-Green,Duwamish - Green River Basin,Lower Green River - E Subbasin,Green River - Lower tributary (S 277th St.),King County - DNRP,Ambient Monitoring,09LOW0753,8/15/2023,4/16/2024,47.353074,-122.20751,"Rhithron Associates, Inc.",09LOW0753_23,,8,Center of Riffle,8,ft2,Fine,,,30,30,69396,Helobdella,69396,Helobdella,5,,not specified,TRUE,FALSE,FALSE,FALSE,FALSE
19191,13696,239,9,WRIA 9 - Duwamish-Green,Duwamish - Green River Basin,Lower Green River - E Subbasin,Olson Creek,King County - DNRP,Ambient Monitoring,09LOW0751,9/26/2024,5/21/2025,47.343517,-122.204491,"Rhithron Associates, Inc.",09LOW0751_24,,8,Center of Riffle,8,ft2,Fine,,,6,30,68510,Enchytraeidae,68510,Enchytraeidae,1,,not specified,FALSE,FALSE,FALSE,FALSE,FALSE
17100,11733,237,9,WRIA 9 - Duwamish-Green,Duwamish - Green River Basin,Lower Green River - W Subbasin,Lower Green River tributary (0036B),King County - DNRP,Ambient Monitoring,09LOW0325,10/4/2021,12/17/2021,47.464905,-122.281488,"Rhithron Associates, Inc.",09LOW0325_21,,8,Center of Riffle,8,ft2,Fine,,PASS,30,30,-200,Chamaedrilus,-200,Chamaedrilus,3,,not specified,TRUE,FALSE,FALSE,FALSE,FALSE
16358,11119,244,9,WRIA 9 - Duwamish-Green,Duwamish - Green River Basin,Middle Green River Subbasin,Crisp Creek tributary,King County - DNRP,Ambient Monitoring,09MID1537,9/22/2020,4/30/2021,47.291898,-122.059923,"Rhithron Associates, Inc.",09MID1537_20,,8,Center of Riffle,8,ft2,Fine,,,6,30,68510,Enchytraeidae,68510,Enchytraeidae,5,,not specified,FALSE,FALSE,TRUE,FALSE,FALSE
19064,13580,246,9,WRIA 9 - Duwamish-Green,Duwamish - Green River Basin,Middle Green River Subbasin,Cristy Creek,King County - DNRP,Ambient Monitoring,09MID1744,8/20/2024,2/5/2025,47.272614,-122.021072,"Rhithron Associates, Inc.",09MID1744_24,,8,Center of Riffle,8,ft2,Fine,,,7,30,68552,Cognettia,68552,Cognettia,26,,not specified,TRUE,FALSE,FALSE,FALSE,FALSE
19063,13579,247,9,WRIA 9 - Duwamish-Green,Duwamish - Green River Basin,Middle Green River Subbasin,Cristy Creek,King County - DNRP,Ambient Monitoring,09MID1817,8/20/2024,4/14/2025,47.26799,-122.009736,"Rhithron Associates, Inc.",09MID1817_24,,8,Center of Riffle,8,ft2,Fine,,,30,30,733326,Oribatida,733326,Oribatida,1,,adult,TRUE,FALSE,FALSE,FALSE,FALSE
19151,13667,249,9,WRIA 9 - Duwamish-Green,Duwamish - Green River Basin,Middle Green River Subbasin,Green River - Middle tributary,King County - DNRP,Ambient Monitoring,09MID2426,8/21/2024,2/5/2025,47.315006,-121.867614,"Rhithron Associates, Inc.",09MID2426_24,,8,Center of Riffle,8,ft2,Fine,,,7,30,68552,Cognettia,68552,Cognettia,48,,not specified,TRUE,FALSE,FALSE,FALSE,FALSE
19040,13553,248,9,WRIA 9 - Duwamish-Green,Duwamish - Green River Basin,Middle Green River Subbasin,Icy Creek,King County - DNRP,Ambient Monitoring,09MID1958,8/8/2024,2/5/2025,47.278886,-121.978571,"Rhithron Associates, Inc.",09MID1958_24,,8,Center of Riffle,8,ft2,Fine,,,4,30,68552,Cognettia,68552,Cognettia,2,,not specified,TRUE,FALSE,FALSE,FALSE,FALSE
19091,13607,242,9,WRIA 9 - Duwamish-Green,Duwamish - Green River Basin,Middle Green River Subbasin,O'Grady Creek,King County - DNRP,Ambient Monitoring,09MID1374,8/27/2024,2/5/2025,47.275597,-122.088114,"Rhithron Associates, Inc.",09MID1374_24,,8,Center of Riffle,8,ft2,Fine,,,5,30,69168,Branchiobdellida,69168,Branchiobdellida,1,,not specified,TRUE,FALSE,FALSE,FALSE,FALSE
18988,13503,251,9,WRIA 9 - Duwamish-Green,Duwamish - Green River Basin,Mill Creek Subbasin,Mill Creek (Auburn),King County - DNRP,Ambient Monitoring,09MIL0340,7/30/2024,4/14/2025,47.303209,-122.272324,"Rhithron Associates, Inc.",09MIL0340_24,,8,Center of Riffle,8,ft2,Fine,,PASS,5,30,68510,Enchytraeidae,68510,Enchytraeidae,5,,not specified,FALSE,FALSE,FALSE,FALSE,FALSE
18990,13505,252,9,WRIA 9 - Duwamish-Green,Duwamish - Green River Basin,Mill Creek Subbasin,Mill Creek (Auburn),King County - DNRP,Ambient Monitoring,09MIL0390,7/30/2024,2/5/2025,47.303166,-122.260837,"Rhithron Associates, Inc.",09MIL0390_24,,8,Center of Riffle,8,ft2,Fine,,,4,30,68552,Cognettia,68552,Cognettia,1,,not specified,TRUE,FALSE,FALSE,FALSE,FALSE
19102,13620,254,9,WRIA 9 - Duwamish-Green,Duwamish - Green River Basin,Newaukum Creek Subbasin,Newaukum Creek,King County - DNRP,Ambient Monitoring,09NEW1657,9/3/2024,2/5/2025,47.250042,-122.037744,"Rhithron Associates, Inc.",09NEW1657_24,,8,Center of Riffle,8,ft2,Fine,,,5,30,68552,Cognettia,68552,Cognettia,4,,not specified,TRUE,FALSE,FALSE,FALSE,FALSE
19149,13665,259,9,WRIA 9 - Duwamish-Green,Duwamish - Green River Basin,Newaukum Creek Subbasin,Newaukum Creek,King County - DNRP,Ambient Monitoring,09NEW2102,8/21/2024,2/5/2025,47.231078,-121.94603,"Rhithron Associates, Inc.",09NEW2102_24,,8,Center of Riffle,8,ft2,Fine,,PASS,7,30,68552,Cognettia,68552,Cognettia,2,,not specified,TRUE,FALSE,FALSE,FALSE,FALSE
14723,9705,261,9,WRIA 9 - Duwamish-Green,Duwamish - Green River Basin,Newaukum Creek Subbasin,Newaukum Creek,King County - DNRP,Ambient Monitoring,09NEW2151,8/23/2018,10/8/2018,47.224415,-121.931257,"Rhithron Associates, Inc.",09NEW2151_18,,8,Center of Riffle,8,ft2,Fine,,,10,30,68510,Enchytraeidae,68510,Enchytraeidae,1,,not specified,TRUE,FALSE,FALSE,FALSE,FALSE
19104,13622,257,9,WRIA 9 - Duwamish-Green,Duwamish - Green River Basin,Newaukum Creek Subbasin,Newaukum Creek - N Fork,King County - DNRP,Ambient Monitoring,09NEW2076,9/3/2024,2/5/2025,47.235936,-121.950976,"Rhithron Associates, Inc.",09NEW2076_24,,8,Center of Riffle,8,ft2,Fine,,,9,30,-138,Tubificinae,-138,Tubificinae,2,,not specified,TRUE,FALSE,FALSE,FALSE,FALSE
19132,13648,260,9,WRIA 9 - Duwamish-Green,Duwamish - Green River Basin,Newaukum Creek Subbasin,Newaukum Creek - N Fork,King County - DNRP,Ambient Monitoring,09NEW2128,9/12/2024,4/14/2025,47.234245,-121.93519,"Rhithron Associates, Inc.",09NEW2128_24,,8,Center of Riffle,8,ft2,Fine,,,2,30,68534,Cernosvitoviella,68534,Cernosvitoviella,1,,not specified,TRUE,FALSE,FALSE,FALSE,FALSE
19086,13602,262,9,WRIA 9 - Duwamish-Green,Duwamish - Green River Basin,Soos Creek Subbasin,Big Soos Creek,King County - DNRP,Ambient Monitoring,09SOO0943,8/27/2024,2/5/2025,47.30855,-122.16904,"Rhithron Associates, Inc.",09SOO0943_24,,8,Center of Riffle,8,ft2,Fine,,,8,30,68552,Cognettia,68552,Cognettia,1,,not specified,TRUE,FALSE,FALSE,FALSE,FALSE
19193,13698,270,9,WRIA 9 - Duwamish-Green,Duwamish - Green River Basin,Soos Creek Subbasin,Little Soos Creek,King County - DNRP,Ambient Monitoring,09SOO1209,9/19/2024,5/13/2025,47.358599,-122.125122,"Rhithron Associates, Inc.",09SOO1209_24,,8,Center of Riffle,8,ft2,Fine,,,12,30,68440,Lumbriculidae,68440,Lumbriculidae,29,,not specified,TRUE,FALSE,FALSE,FALSE,FALSE
19062,13578,271,9,WRIA 9 - Duwamish-Green,Duwamish - Green River Basin,Soos Creek Subbasin,Little Soos Creek,King County - DNRP,Ambient Monitoring,09SOO1283,8/19/2024,4/14/2025,47.372825,-122.113902,"Rhithron Associates, Inc.",09SOO1283_24,,8,Center of Riffle,8,ft2,Fine,,,11,30,68946,Nais,68946,Nais,1,,not specified,TRUE,FALSE,FALSE,FALSE,FALSE
19066,13582,267,9,WRIA 9 - Duwamish-Green,Duwamish - Green River Basin,Soos Creek Subbasin,Soos Creek,King County - DNRP,Ambient Monitoring,09SOO1130,8/20/2024,2/5/2025,47.31817,-122.135959,"Rhithron Associates, Inc.",09SOO1130_24,,8,Center of Riffle,8,ft2,Fine,,,5,30,68552,Cognettia,68552,Cognettia,2,,not specified,TRUE,FALSE,FALSE,FALSE,FALSE
19087,13603,268,9,WRIA 9 - Duwamish-Green,Duwamish - Green River Basin,Soos Creek Subbasin,Soos Creek,King County - DNRP,Ambient Monitoring,09SOO1134,8/27/2024,5/13/2025,47.336409,-122.135101,"Rhithron Associates, Inc.",09SOO1134_24,,8,Center of Riffle,8,ft2,Fine,,PASS,9,30,68552,Cognettia,68552,Cognettia,4,,not specified,TRUE,FALSE,FALSE,FALSE,FALSE
19192,13697,264,9,WRIA 9 - Duwamish-Green,Duwamish - Green River Basin,Soos Creek Subbasin,Soosette Creek,King County - DNRP,Ambient Monitoring,09SOO1022,9/4/2024,5/13/2025,47.331725,-122.155276,"Rhithron Associates, Inc.",09SOO1022_24,,8,Center of Riffle,8,ft2,Fine,,,7,30,204785,Fridericia,204785,Fridericia,1,,not specified,TRUE,FALSE,FALSE,FALSE,FALSE
